0,37,AATTCTCGTCGGCGGGCACGTAGTGTAGCTAGTCAATCCATCATTGCCTACACTATGTCACA,0.36320801020909,1,X61008344
1,33,AATTCTCGTCGGCGGGCACGTAGTGTAGCTAGTCAATCCATCATTGCCTACACTATGACACT,0.3239422793756749,2,X61008344
2,31,AAGTCTCGTCGGCGGGCACGTAGTGTAGCTAGTCAATCCATCATTGCCTACACTATGTCACT,0.3043094139589673,3,X61008344
3,25,AATTCTCGTCGGCGGGCACGTAGAGTAGCTAGTCAATCCATCATTGCCTACACTATGTCACT,0.2454108177088446,4,X61008344
0,231,AATTCTCGTCGGCGGGCACGTAGTGTAGCTAGTCAATCCATCATTGCCTACACTATGTCACA,0.5109376036805202,1,X61307505
1,129,AATTCTCGTCGGCGGGCACGTAGTGTAGCTAGTCAATCCATCATTGACTACACTATGTCACT,0.2853287916657451,2,X61307505
2,113,AATTCTCGTCGGCGGGCACGTAGAGTAGCTAGTCAATCCATCATTGCCTACACTATGTCACT,0.24993917409479993,3,X61307505
0,91,AAGTCTCATCGGCGGGCACGTAGTGTAGCTAGTCAATCCATCATTGCCTACACTATGTCACT,0.5425709515859767,1,X61402948
1,90,AATTCTCGTCGGCGGGCACGTAGTGTAGCTAGTCAATCCATCATTGCCTACACTATGTCACA,0.5366086334366802,2,X61402948
2,47,AAGTCTCGTCGGCGGGCACGTAGTGTAGCTAGTCAATCCATCATTGCCTACACTATGTCACT,0.28022895301693296,3,X61402948
3,44,AATTCTCGTCGGCGGGCACGTAGTGTAGCTAGTCAATCCATCATTGCCTACACTATGACACT,0.26234199856904367,4,X61402948
0,58,AATTCTCGTCGGCGGGCACGTAGTGTAGCTAGTCAATCCATCATTGCCTACACTATGTCACA,0.5297287423508996,1,X61404348
1,40,AAGTCTCATCGGCGGGCACGTAGTGTAGCTAGTCAATCCATCATTGCCTACACTATGTCACT,0.3653301671385515,2,X61404348
0,118,AATTCTCACTTTCCTTTACAATCATATGGTTTCCAACCCACTAATGGTGTTGGTTACCAACC,0.547106824925816,1,X61405197
1,110,AATTCTCGTCGGCGGGCACGTAGTGTAGCTAGTCAATCCATCATTGCCTACACTATGTCACA,0.5100148367952523,2,X61405197
2,74,AAGTCTCGTCGGCGGGCACGTAGTGTAGCTAGTCAATCCATCATTGCCTACACTATGTCACT,0.3431008902077151,3,X61405197
0,91,AATTCTCGTCGGCGGGCACGTAGTGTAGCTAGTCAATCCATCATTGCCTACACTATGTCACA,0.49967054689215906,1,X61405493
1,46,AATTCTCGTCGGCGGGCACGTAGTGTAGCTAGTCAATCCATCATTGACTACACTATGTCACT,0.252580716011421,2,X61405493
2,45,AAGTCTCGTCGGCGGGCACGTAGTGTAGCTAGTCAATCCATCATTGCCTACACTATGTCACT,0.247089830880738,3,X61405493
0,107,AATTCTCGTCGGCGGGCACGTAGTGTAGCTAGTCAATCCATCATTGCCTACACTATGTCACA,0.6298934479307705,1,X61406740
1,54,AAGTCTCGTCGGCGGGCACGTAGTGTAGCTAGTCAATCCATCATTGCCTACACTATGTCACT,0.31789015129216464,2,X61406740
0,78,AATTCTCGTCGGCGGGCACGTAGTGTAGCTAGTCAATCCATCATTGCCTACACTATGTCACA,0.5235602094240838,1,X61406843
0,61,AAGTCTCATCGGCGGGCACGTAGTGTAGCTAGTCAATCCATCATTGCCTACACTATGTCACT,0.5764505764505765,1,X61407350
1,54,AATTCTCGTCGGCGGGCACGTAGTGTAGCTAGTCAATCCATCATTGCCTACACTATGTCACA,0.5103005103005103,2,X61407350
0,63,AAGTCTCATCGGCGGGCACGTAGTGTAGCTAGTCAATCCATCATTGCCTACACTATGTCACT,0.5346232179226069,1,X61407669
1,53,AATTCTCGTCGGCGGGCACGTAGTGTAGCTAGTCAATCCATCATTGCCTACACTATGTCACA,0.4497623896809233,2,X61407669
2,31,AAGTCTCGTCGGCGGGCACGTAGTGTAGCTAGTCAATCCATCATTGCCTACACTATGTCACT,0.26306856754921926,3,X61407669
0,108,AATTCTCGTCGGCGGGCACGTAGTGTAGCTAGTCAATCCATCATTGCCTACACTATGTCACA,0.6213681606351763,1,X61409821
1,43,AATTCTCGTCGGCGGGCACGTAGTGTAGCTAGTCAATCCATCATTGACTACACTATGTCACT,0.24739658247511653,2,X61409821
0,89,AATTCTCGTCGGCGGGCACGTAGTGTAGCTAGTCAATCCATCATTGCCTACACTATGTCACA,0.5722736625514403,1,X61500446
1,38,AATTCTCGTCGGCGGGCACGTAGTGTAGCTAGTCAATCCATCATTGACTACACTATGTCACT,0.24434156378600824,2,X61500446
0,55,AATTCTCGTCGGCGGGCACGTAGTGTAGCTAGTCAATCCATCATTGCCTACACTATGTCACA,0.4773062570511152,1,X61500455
1,38,AAGTCTCATCGGCGGGCACGTAGTGTAGCTAGTCAATCCATCATTGCCTACACTATGTCACT,0.32977523214440685,2,X61500455
2,33,AAGTCTCGTCGGCGGGCACGTAGTGTAGCTAGTCAATCCATCATTGCCTACACTATGTCACT,0.2863837542306691,3,X61500455
3,28,AATTCTCGTCGGCGGGCACGTAGTGTAGCTAGTCAATCCATCATTGACTACACTATGTCACT,0.24299227631693135,4,X61500455
0,217,AATTCTCGTCGGCGGGCACGTAGTGTAGCTAGTCAATCCATCATTGCCTACACTATGTCACA,0.49595465557434754,1,X61500472
0,81,AATTCTCGTCGGCGGGCACGTAGTGTAGCTAGTCAATCCATCATTGCCTACACTATGTCACA,0.5638705186216498,1,X61500524
1,56,AAGTCTCATCGGCGGGCACGTAGTGTAGCTAGTCAATCCATCATTGCCTACACTATGTCACT,0.3898364079359555,2,X61500524
2,40,AATTCTCGTCGGCGGGCACGTAGTGTAGCTAGTCAATCCATCATTGACTACACTATGTCACT,0.2784545770971111,3,X61500524
3,40,AATTCTCGTCGGCGGGCACGTAGAGTAGCTAGTCAATCCATCATTGCCTACACTATGTCACT,0.2784545770971111,4,X61500524
4,40,AAGTCTCGTCGGCGGGCACGTAGTGTAGCTAGTCAATCCATCATTGCCTACACTATGTCACT,0.2784545770971111,5,X61500524
0,98,AATTCTCGTCGGCGGGCACGTAGTGTAGCTAGTCAATCCATCATTGCCTACACTATGTCACA,0.6398119736240778,1,X61500641
1,38,AAGTCTCGTCGGCGGGCACGTAGTGTAGCTAGTCAATCCATCATTGCCTACACTATGTCACT,0.2480903571195404,2,X61500641
0,158,AATTCTCGTCGGCGGGCACGTAGTGTAGCTAGTCAATCCATCATTGCCTACACTATGTCACA,0.5441146084441078,1,X61500644
0,94,AATTCTCGTCGGCGGGCACGTAGTGTAGCTAGTCAATCCATCATTGCCTACACTATGTCACA,0.443438060194358,1,X61500666
1,61,AATTCTCGTCGGCGGGCACGTAGAGTAGCTAGTCAATCCATCATTGCCTACACTATGTCACT,0.28776299650910464,2,X61500666
2,60,AAGTCTCATCGGCGGGCACGTAGTGTAGCTAGTCAATCCATCATTGCCTACACTATGTCACT,0.2830455703368242,3,X61500666
0,57,AATTCTCGTCGGCGGGCACGTAGTGTAGCTAGTCAATCCATCATTGCCTACACTATGTCACA,0.5151843817787419,1,X61501897
1,32,AATTCTCGTCGGCGGGCACGTAGTGTAGCTAGTCAATCCATCATTGACTACACTATGTCACT,0.28922631959508316,2,X61501897
2,31,AAGTCTCGTCGGCGGGCACGTAGTGTAGCTAGTCAATCCATCATTGCCTACACTATGTCACT,0.2801879971077368,3,X61501897
3,30,AAGTCTCATCGGCGGGCACGTAGTGTAGCTAGTCAATCCATCATTGCCTACACTATGTCACT,0.27114967462039047,4,X61501897
4,28,AATTCTCGTCGGCGGGCACGTAGTGTAGCTAGTCAATCCATCATTGCCTACACTATGACACT,0.2530730296456978,5,X61501897
0,75,AATTCTCGTCGGCGGGCACGTAGTGTAGCTAGTCAATCCATCATTGCCTACACTATGTCACA,0.6076810889645113,1,X61504477
1,42,AATTCTCGTCGGCGGGCACGTAGTGTAGCTAGTCAATCCATCATTGACTACACTATGTCACT,0.3403014098201264,2,X61504477
2,31,AAGTCTCGTCGGCGGGCACGTAGTGTAGCTAGTCAATCCATCATTGCCTACACTATGTCACT,0.25117485010533136,3,X61504477
0,198,AATTCTCGTCGGCGGGCACGTAGTGTAGCTAGTCAATCCATCATTGCCTACACTATGTCACA,0.5244477406367537,1,X61505664
1,154,AAGTCTCATCGGCGGGCACGTAGTGTAGCTAGTCAATCCATCATTGCCTACACTATGTCACT,0.40790379827303064,2,X61505664
2,93,AATTCTCGTCGGCGGGCACGTAGAGTAGCTAGTCAATCCATCATTGCCTACACTATGTCACT,0.2463315145415055,3,X61505664
0,189,AATTCTCGTCGGCGGGCACGTAGTGTAGCTAGTCAATCCATCATTGCCTACACTATGTCACA,0.5834593893742475,1,X61508871
1,78,AATTCTCGTCGGCGGGCACGTAGAGTAGCTAGTCAATCCATCATTGCCTACACTATGTCACT,0.24079276386873705,2,X61508871
2,78,AAGTCTCGTCGGCGGGCACGTAGTGTAGCTAGTCAATCCATCATTGCCTACACTATGTCACT,0.24079276386873705,3,X61508871
0,102,AATTCTCGTCGGCGGGCACGTAGTGTAGCTAGTCAATCCATCATTGCCTACACTATGTCACA,0.5209131300750728,1,X61509058
1,91,AAGTCTCATCGGCGGGCACGTAGTGTAGCTAGTCAATCCATCATTGCCTACACTATGTCACT,0.4647362238905061,2,X61509058
2,50,AATTCTCGTCGGCGGGCACGTAGAGTAGCTAGTCAATCCATCATTGCCTACACTATGTCACT,0.25534957356621213,3,X61509058
0,69,AATTCTCGTCGGCGGGCACGTAGTGTAGCTAGTCAATCCATCATTGCCTACACTAAGTCACT,0.5621181262729125,1,X61405547
1,45,AATTCTCGTCGGCGGGCACGTAGAGTAGCTAGTCAATCCATCATTGCCTACACTATGTCACT,0.3665987780040733,2,X61405547
2,41,AATTCTCGTCGGCGGGCACGTAGTGTAGCTAGTCAATCCATCATAGCCTACACTATGTCACT,0.3340122199592668,3,X61405547
3,39,AATTCTCGTCGGCGGGCACGTAGTGTAGCTAGTCAATCCATCATTGACTACACTATGTCACT,0.31771894093686354,4,X61405547
4,33,AATTCTCGTCGGCGGGCACGTAGTGTAGCTAGTCAATCCATCATTGCCTACACTATGTCACA,0.26883910386965376,5,X61405547
5,32,AATTCTCGTCGGCGGGCACGTAGTGTAGCTAGTCAATCCATCAATGCCTACACTATGTCACT,0.2606924643584521,6,X61405547
0,54,AATTCTCGTCGGCGGGCACGTAGTGTAGCTAGTCAATCCATCATTGCCTACACTAAGTCACT,0.5133079847908746,1,X61506487
1,35,AATTCTCGTCGGCGGGCACGTAGTGTAGCTAGTCAATCCATCAATGCCTACACTATGTCACT,0.3326996197718631,2,X61506487
2,32,AATTCTCGTCGGCGGGCACGTAGAGTAGCTAGTCAATCCATCATTGCCTACACTATGTCACT,0.3041825095057034,3,X61506487
3,30,AATTCTCGTCGGCGGGCACGTAGTGTAGCTAGTCAATCCATCATTGACTACACTATGTCACT,0.28517110266159695,4,X61506487
4,28,AATTCTCGTCGGCGGGCACGTAGTGTAGCTAGTCAATCCATCATAGCCTACACTATGTCACT,0.2661596958174905,5,X61506487
0,86,AATTCTCGTCGGCGGGCACGTAGTGTAGCTAGTCAATCCATCATTGCCTACACTAAGTCACT,0.636094674556213,1,X61506923
1,52,AATTCTCGTCGGCGGGCACGTAGTGTAGCTAGTCAATCCATCATAGCCTACACTATGTCACT,0.38461538461538464,2,X61506923
2,49,AATTCTCGTCGGCGGGCACGTAGTGTAGCTAGTCAATCCATCATTGACTACACTATGTCACT,0.3624260355029586,3,X61506923
3,44,AATTCTCGTCGGCGGGCACGTAGAGTAGCTAGTCAATCCATCATTGCCTACACTATGTCACT,0.3254437869822485,4,X61506923
0,285,AATTCTCGTCGGCGGGCACGTAGTGTAGCTATTCAATCCATCATTGCCTACACTAAGTCACT,0.7389545737398879,1,X61604908
1,227,AAGTCTCATCGGCGGGCACGTAGTGTAGCTAGTCAATCCATCATTGCCTACACTATGTCACT,0.5885708359261564,2,X61604908
2,178,AATTCTCGTCGGCGGGCACGTAGTGTAGCTATTCAATCCATCATTGCCTACACTATGTCACA,0.4615225057042108,3,X61604908
3,128,AATTCTCGTCGGCGGGCACGTAGTGTAGCTATTCAATCCATCATTGACTACACTATGTCACT,0.33188135241651107,4,X61604908
4,123,AATTCTCGTCGGCGGGCACGTAGTGTAGCTATTCAATCCATCAATGCCTACACTATGTCACT,0.3189172370877411,5,X61604908
5,99,AATTCTCGTCGGCGGGCACGTAGAGTAGCTATTCAATCCATCATTGCCTACACTATGTCACT,0.2566894835096453,6,X61604908
6,98,AATTCTCGTCGGCGGGCACGTAGTGTAGCTATTAAATCCATCATTGCCTACACTATGTCACT,0.2540966604438913,7,X61604908
7,93,AATTCTCGTCGGCGGGCACGTAGTGTAGCTATTCAATCCATCATTTCCTACACTATGTCACT,0.24113254511512133,8,X61604908
0,106,AATTCTCGTCGGCGGGCACGTAGTGTAGCTAGTCAATCCATCATTGCCTACACTAAGTCACT,0.7027313709891275,1,X61605971
1,71,AATTCTCGTCGGCGGGCACGTAGTGTAGCTAGTCAATCCATCATTGCTTACACTATGTCACT,0.47069742773800055,2,X61605971
2,50,AATTCTCGTCGGCGGGCACGTAGTGTAGCTAGTCAATCCATCATAGCCTACACTATGTCACT,0.33147706178732433,3,X61605971
3,49,AATTCTCGTCGGCGGGCACGTAGTGTAGCTAGTCAATCCATCAATGCCTACACTATGTCACT,0.32484752055157784,4,X61605971
4,47,AATTCTCGTCGGCGGGCACGTAGAGTAGCTAGTCAATCCATCATTGCCTACACTATGTCACT,0.31158843808008485,5,X61605971
5,45,AATTCTCGTCGGCGGGCACGTAGTGTAGCTAGTCAATCCATCATTGACTACACTATGTCACT,0.29832935560859186,6,X61605971
6,41,AATTCTCGTCGGCGGGCACGTAGTGTAGCTAGTCAATCCATCATTGCCTACACTATGTCACA,0.27181119066560594,7,X61605971
0,285,AATTCTCGTCGGCGGGCACGTAGTGTAGCTAGTCAATCCATCATTGCCTACACTAAGTCACT,0.6911604219716261,1,X61606742
1,151,AATTCTCGTCGGCGGGCACGTAGTGTAGCTAGTCAATCCATCATTGACTACACTATGTCACT,0.36619376743058085,2,X61606742
2,147,AATTCTCGTCGGCGGGCACGTAGTGTAGCTAGTCAATCCATCATAGCCTACACTATGTCACT,0.35649327028010186,3,X61606742
3,121,AATTCTCGTCGGCGGGCACGTAGTGTAGCTAGTCAATCCATCAATGCCTACACTATGTCACT,0.2934400388019886,4,X61606742
4,118,AATTCTCGTCGGCGGGCACGTAGTGTAGCTAGTCAATCCATCATTGCCTACACTATGTCACA,0.28616466593912937,5,X61606742
5,116,AATTCTCGTCGGCGGGCACGTAGAGTAGCTAGTCAATCCATCATTGCCTACACTATGTCACT,0.2813144173638899,6,X61606742
0,123,AAGTCTCATCGGCGGGCACGTAGTGTAGCTAGTCAATCCATCATTGCCTACACTATGTCACT,0.6991417040868527,1,X61607139
1,119,AATTCTCGTCGGCGGGCACGTAGTGTAGCTAGTCAATCCATCATTGCCTACACTAAGTCACT,0.6764053885067925,2,X61607139
2,77,AATTCTCGTCGGCGGGCACGTAGTGTAGCTAGTCAATCCATCATAGCCTACACTATGTCACT,0.4376740749161599,3,X61607139
3,68,AATTCTCGTCGGCGGGCACGTAGTGTAGCTAGTCAATCCATCATTGACTACACTATGTCACT,0.3865173648610243,4,X61607139
4,59,AATTCTCGTCGGCGGGCACGTAGAGTAGCTAGTCAATCCATCATTGCCTACACTATGTCACT,0.3353606548058887,5,X61607139
5,47,AATTCTCGTCGGCGGGCACGTAGTGTAGCTAGTCAATCCATCAATGCCTACACTATGTCACT,0.2671517080657079,6,X61607139
6,45,AATTCTCGTCGGCGGGCACGTAGTGTAGCTAGTCAATCCATCATTGCCTACACTATGTCACA,0.2557835502756778,7,X61607139
0,114,AATTCTCGTCGGCGGGCACGTAGTGTAGCTAGTCAATCCATCATTGCCTACACTAAGTCACT,0.7089993158778531,1,X61607984
1,73,AATTCTCGTCGGCGGGCACGTAGTGTAGCTAGTCAATCCATCATAGCCTACACTATGTCACT,0.45400833385160766,2,X61607984
2,60,AATTCTCGTCGGCGGGCACGTAGTGTAGCTAGTCAATCCATCATTGACTACACTATGTCACT,0.3731575346725543,3,X61607984
3,56,AATTCTCGTCGGCGGGCACGTAGTGTAGCTAGTCAATCCATCATTGCCTACACTATGTCACA,0.348280365694384,4,X61607984
4,52,AATTCTCGTCGGCGGGCACGTAGAGTAGCTAGTCAATCCATCATTGCCTACACTATGTCACT,0.3234031967162137,5,X61607984
0,250,AATTCTCGTCGGCGGGCACGTAGTGTAGCTAGTCAATCCATCATTGCCTACACTAAGTCACT,0.6279198271964636,1,X61608624
1,139,AATTCTCGTCGGCGGGCACGTAGTGTAGCTAGTCAATCCATCATTGACTACACTATGTCACT,0.34912342392123374,2,X61608624
2,128,AATTCTCGTCGGCGGGCACGTAGTGTAGCTAGTCAATCCATCATAGCCTACACTATGTCACT,0.32149495152458935,3,X61608624
3,123,AATTCTCGTCGGCGGGCACGTAGAGTAGCTAGTCAATCCATCATTGCCTACACTATGTCACT,0.3089365549806601,4,X61608624
4,115,AAGTCTCATCGGCGGGCACGTAGTGTAGCTAGTCAATCCATCATTGCCTACACTATGTCACT,0.28884312051037325,5,X61608624
5,108,AATTCTCGTCGGCGGGCACGTAGTGTAGCTAGTCAATCCATCAATGCCTACACTATGTCACT,0.2712613653488723,6,X61608624
6,100,AATTCTCGTCGGCGGGCACGTAGTGTAGCTAGTCAATCCATCATTGCCTACACTATGTCACA,0.2511679308785854,7,X61608624
0,75,AATTCTCGTCGGCGGGCACGTAGTGTAGCTAGTCAATCCATCATTGCCTACACTAAGTCACT,0.641025641025641,1,X61700583
1,44,AATTCTCGTCGGCGGGCACGTAGTGTAGCTAGTCAATCCATCATTGCCTACACTATGTCACA,0.37606837606837606,2,X61700583
2,43,AATTCTCGTCGGCGGGCACGTAGTGTAGCTAGTCAATCCATCATTGACTACACTATGTCACT,0.36752136752136755,3,X61700583
3,36,AATTCTCGTCGGCGGGCACGTAGAGTAGCTAGTCAATCCATCATTGCCTACACTATGTCACT,0.3076923076923077,4,X61700583
4,30,AATTCTCGTCGGCGGGCACGTAGTGTAGCTAGTCAATCCATCATAGCCTACACTATGTCACT,0.2564102564102564,5,X61700583
5,29,AATTCTCGTCGGCGGGCACGTAGTGTAGCTAGTCAATCCATCAATGCCTACACTATGTCACT,0.24786324786324787,6,X61700583
0,254,AATTCTCGTCGGCGGGCACGTAGTGTAGCTAGTCAATCCATCATTGCCTACACTAAGTCACT,0.6168641927336312,1,X61700640
1,140,AATTCTCGTCGGCGGGCACGTAGTGTAGCTAGTCAATCCATCATTGACTACACTATGTCACT,0.3400038857586944,2,X61700640
2,125,AATTCTCGTCGGCGGGCACGTAGTGTAGCTAGTCAATCCATCATAGCCTACACTATGTCACT,0.30357489799883425,3,X61700640
3,122,AATTCTCGTCGGCGGGCACGTAGAGTAGCTAGTCAATCCATCATTGCCTACACTATGTCACT,0.29628910044686224,4,X61700640
4,113,AATTCTCGTCGGCGGGCACGTAGTGTAGCTAGTCAATCCATCATTGCCTACACTATGTCACA,0.27443170779094617,5,X61700640
