0,89,AATTCTCCTCGGCGGGCACGTAGTGTAGCTAGTCAATCCATCATTGCCTACACTAAGTCACT,0.18785883147585275,1,W60602553
0,372,AATTCTCCTCGGCGGGCACGTAGTGTAGCTAGTCAATCCATCATTGCCTACACTAAGTCACT,0.18516490627271007,1,W60603197
0,78,AATTCTCCTCGGCGGGCACGTAGTGTAGCTAGTCAATCCATCATTGCCTACACTAAGTCACT,0.17377743121310016,1,W60603525
0,76,AATTCTCCTCGGCGGGCACGTAGTGTAGCTAGTCAATCCATCATTGCCTACACTAAGTCACT,0.16283155504135063,1,W60603558
0,58,AATTCTCCTCGGCGGGCACGTAGTGTAGCTAGTCAATCCATCATTGCCTACACTAAGTCACT,0.17574159924855318,1,W60603921
0,99,AATTCTCCTCGGCGGGCACGTAGTGTAGCTAGTCAATCCATCATTGCCTACACTAAGTCACT,0.18101367658889783,1,W60603923
0,359,AATTCTCCTCGGCGGGCACGTAGTGTAGCTAGTCAATCCATCATTGCCTACACTAAGTCACT,0.17516381964469555,1,W60603935
0,309,AATTCTCCTCGGCGGTCACGTAGTGTAGCTAGTCAATCCATCATTGCCTACACTATGTCACT,0.9079956510240662,1,W60603952
1,287,AATTCTCCTCGGCGGGCACGTAGTGTAGCTAGTCAATCCATCATTGCCTACACTATTCACTT,0.8433487114689547,2,W60603952
2,143,AATTCTCCTCGGCGGGCACGTAGTGTAGCTAGTCAATCCATCATTGCCTACACTATGTCATT,0.42020510710822484,3,W60603952
3,136,AATTCTCCTCGGCGGGCACGTAGTGTAGCTAGTCAATCCATTATTGCCTACACTATGTCACT,0.3996356263406894,4,W60603952
4,111,AATTCTCCTCGGCGGGCACGTAGTGTAGCTATTCAATCCATCATTGCCTACACTATGTCACT,0.3261731950280627,5,W60603952
5,92,AATTCTCCTCGTCGGGCACGTAGTGTAGCTAGTAAATCCATCATTGCCTACACTATGTCACT,0.27034174723046633,6,W60603952
6,92,AATTCTCCTCGGCGGCCACGTAGTGTAGCTAGTCAATCCATCATTGCCTACACTATGTCACT,0.27034174723046633,7,W60603952
7,88,AATTCTCCTCGGCGGGCACGTAGTGTAGCTAGTCAATCCATCATTGCCTACACTATGCCACT,0.25858775822044605,8,W60603952
8,62,AATTCTCCTCGGCGGGCACGTAGTGTAGCTAGTCAATCCATCATTGCCTACACTATGTTACT,0.18218682965531427,9,W60603952
9,60,AATTCTCCTTGGCGGGCACGTAGTGTAGCTAGTCAATCCATCATTGCCTACACTATGTCACT,0.17630983515030413,10,W60603952
10,60,AATTCTCCTCGGCGTGCACGTAGTGTAGCTAGTCAATCCATCATTGCCTACACTATGTCACT,0.17630983515030413,11,W60603952
11,57,AATTCTCCTCGGCGGGCACGTAGTGTAGCTAGTCAATCCATCATTGCCTACACTAAGTCACT,0.16749434339278893,12,W60603952
12,49,AATTCTCCTCGGCGGCACGTAGTGTAGCTAGTCAATCCATCATTGCCTACACTATGTCACTT,0.1439863653727484,13,W60603952
0,143,AATTCTCCTCGGCGGGCACGTAGTGTAGCTAGTCAATCCATCATTGCCTACACTAAGTCACT,0.17893788477901798,1,W60604003
0,24,AATTCTCCTCGGCGGGCACGTAGTGTAGCTAGTCAATCCATCATTGCCTACACTAAGTCACT,0.19540791402051783,1,W60604090
0,21,AATTCTCCTCGGCGGGCACGTAGTGTAGCTAGTCAATCCATCATTGCCTACACTAAGTCACT,0.16334785314250155,1,W60604292
0,62,AATTCTCCTCGGCGGGCACGTAGTGTAGCTAGTCAATCCATCATTGCCTACACTAAGTCACT,0.1737716864261891,1,W60604304
0,388,AATTCTCCTCGGCGGGCACGTAGTGTAGCTAGTCAATCCATCATTGCCTACACTAAGTCACT,0.1704820071180632,1,W60700964
0,70,AATTCTCCTCGGCGGGCACGTAGTGTAGCTAGTCAATCCATCATTGCCTACACTAAGTCACT,0.15244234412770313,1,W60701023
0,343,AATTCTCCTCGGCGGGCACGTAGTGTAGCTAGTCAATCCATCATTGCCTACACTAAGTCACT,0.18758340078314703,1,W60701024
0,411,AATTCTCCTCGGCGGGCACGTAGTGTAGCTAGTCAATCCATCATTGCCTACACTATGTCACT,1.196402060955375,1,W60701230
1,72,AATTCTCCTCGGCGGGTACGTAGTGTAGCTAGTCAATCCATCATTGCCTACACTAAGTCACT,0.20958868221116062,2,W60701230
2,61,AATTCTCCTCGGCGGGGACGTAGTGTAGCTAGTCAATCCATCATTGCCTACACTATGTCACT,0.1775681890955666,3,W60701230
3,55,AATTCTCCTCGGCGGGAACGTAGTGTAGCTAGTCAATCCATCATTGCCTACACTATGTCACT,0.1601024655779699,4,W60701230
0,112,AATTCTCCTCGGCGGGCACGTAGTGTAGCTAGTCAATCCATCATTGCCTACACTAAGTCACT,0.19964349376114082,1,W60701242
0,21,AATTCTCCTCGGCGGGCACGTAGTGTAGCTAGTCAATCCATCATTGCCTACACTAAGTCACT,0.18704907811525787,1,W60701336
0,18,AATTCTCCTCGGCGGGCACGTAGTGTAGCTAGTCAATCCATCATTGCCTACACTAAGTCACT,0.13672616786935055,1,W60701344
0,59,AATTCTCCTCGGCGGGCACGTAGTGTAGCTAGTCAATCCATCATTGCCTACACTAAGTCACT,0.20662604188555017,1,W60701345
0,35,AATTCTCCTCGGCGGGCACGTAGTGTAGCTAGTCAATCCATCATTGCCTACACTAAGTCACT,0.20541111567580259,1,W60701394
0,59,AATTCTCCTCGGCGGGCACGTAGTGTAGCTAGTCAATCCATCATTGCCTACACTAAGTCACT,0.20508898776418244,1,W60701409
0,23,AATTCTCCTCGGCGGGCACGTAGTGTAGCTAGTCAATCCATCATTGCCTACACTAAGTCACT,0.21196203114920284,1,W60701868
1,18,AATTCTCCTCGGCGGGTACGTAGTGTAGCTAGTCAATCCATCATTGCCTACACTATGTCACT,0.16588332872546308,2,W60701868
0,159,AATTCTCCTCGGCGGGCACGTAGTGTAGCTAGTCAATCCATCATTGCCTACACTAAGTCACT,0.19614132043817228,1,W60702256
