0,129,AAGTCTCATCGGCGGGCACGTAGTGTAGCTAGTCAATCCATCATTGCCTACACTAAGTCACT,0.2230753268312928,1,X61403365
0,31,AAGTCTCATCGGCGGGCACGTAGTGTAGCTAGTCAATCCATCATTGCCTACACTAAGTCACT,0.26527468766044837,1,X61404240
0,28,AAGTCTCATCGGCGGGCACGTAGTGTAGCTAGTCAATCCATCATTGCCTACACTAAGTCACT,0.23991089024076773,1,X61404956
0,71,AATTCTCGTCGGCGGGCACGTAGTGTAGCTAGTCAATCCATCATTGCCTACACTATGTCACT,0.368295466334682,1,X61405257
1,46,AAGTCTCATCGGCGGGCACGTAGTGTAGCTAGTCAATCCATCATTGCCTACACTAAGTCACT,0.2386139641041602,2,X61405257
0,37,AAGTCTCATCGGCGGGCACGTAGTGTAGCTAGTCAATCCATCATTGCCTACACTAAGTCACT,0.26093088857545843,1,X61405362
0,103,AAGTCTCATCGGCGGGCACGTAGTGTAGCTAGTCAATCCATCATTGCCTACACTAAGTCACT,0.20084628434373963,1,X61405374
0,30,AAGTCTCATCGGCGGGCACGTAGTGTAGCTAGTCAATCCATCATTGCCTACACTAAGTCACT,0.2726776949645519,1,X61407053
0,137,AAGTCTCATCGGCGGGCACGTAGTGTAGCTAGTCAATCCATCATTGCCTACACTAAGTCACT,0.21748448240280666,1,X61407128
0,106,AAGTCTCATCGGCGGGCACGTAGTGTAGCTAGTCAATCCATCATTGCCTACACTAAGTCACT,0.2177709296353364,1,X61501980
0,62,AAGTCTCATCGGCGGGCACGTAGTGTAGCTAGTCAATCCATCATTGCCTACACTAAGTCACT,0.19486438067699657,1,X61502653
0,31,AAGTCTCATCGGCGGGCACGTAGTGTAGCTAGTCAATCCATCATTGCCTACACTAAGTCACT,0.22358456545257843,1,X61503648
0,36,AAGTCTCATCGGCGGGCACGTAGTGTAGCTAGTCAATCCATCATTGCCTACACTAAGTCACT,0.18982335881887688,1,X61504621
0,35,AAGTCTCATCGGCGGGCACGTAGTGTAGCTAGTCAATCCATCATTGCCTACACTAAGTCACT,0.22061140876142452,1,X61505028
0,25,AAGTCTCGTCGGCGGGCACGTAGTGTAGCTAGTCAATCCATCATTGCCTACACTATGTCACT,0.20831597366886093,1,X61506764
0,20,AAGTCTCATCGGCGGGCACGTAGTGTAGCTAGTCAATCCATCATTGCCTACACTAAGTCACT,0.19094901661256444,1,X61508998
0,29,AAGTCTCATCGGCGGGCACGTAGTGTAGCTAGTCAATCCATCATTGCCTACACTAAGTCACT,0.2188183807439825,1,X61602521
0,64,AAGTCTCATCGGCGGGCACGTAGTGTAGCTAGTCAATCCATCATTGCCTACACTAAGTCACT,0.24832188724634308,1,X61602630
1,48,AAGTCTCATCGGCGGGCACGTAGTGTAGCTAGTCAATCCACTTATGGTGTTGGTCACCAACC,0.1862414154347573,2,X61602630
0,30,AATTCTCGTCGGCGGGCACGTAGTGTAGCTAGTCAATCCATCATTGCCTACACTAAGTCACT,0.20968756552736423,1,X61604280
0,33,AAGTCTCATCGGCGGGCACGTAGTGTAGCTAGTCAATCCATCATTGCCTACACTAAGTCACT,0.24230853954034806,1,X61606260
0,61,AAGTCTCATCGGCGGGCACGTAGTGTAGCTAGTCAATCCATCATTGCCTACACTAAGTCACT,0.2509978191992758,1,X61606398
0,51,AAGTCTCATCGGCGGGCACGTAGTGTAGCTAGTCAATCCATCATTGCCTACACTAAGTCACT,0.2510460251046025,1,X61606559
0,24,AAGTCTCATCGGCGGGCACGTAGTGTAGCTAGTCAATCCATCATTGCCTACACTAAGTCACT,0.23116933153534963,1,X61606844
0,23,AAGTCTCATCGGCGGGCACGTAGTGTAGCTAGTCAATCCATCATTGCCTACACTAAGTCACT,0.18846279908226812,1,X61606995
0,56,AAGTCTCATCGGCGGGCACGTAGTGTAGCTAGTCAATCCATCATTGCCTACACTAAGTCACT,0.23299355107135428,1,X61607074
1,50,AAGTCTCATCGGCGGACACGTAGTGTAGCTAGTCAATCCATCATTGCCTACACTATGTCACT,0.20802995631370919,2,X61607074
0,103,AATTCTCGTCGGCGGGCACGTAGTGTAGCTAGTCAATCCATCATTGCCTACACTATGTCACT,0.3560933448573898,1,X61607225
0,69,AAGTCTCATCGGCGGGCACGTAGTGTAGCTAGTCAATCCATCATTGCCTACACTAAGTCACT,0.2331868874619804,1,X61607262
0,71,AATTCTCGTCGGCGGGCACGTAGTGTAGCTAGTCAATCCATCATTGCCTACACTAAGTCACT,0.21683361837283166,1,X61607558
0,29,AAGTCTCATCGGCGGGCACGTAGTGTAGCTAGTCAATCCATCATTGCCTACACTATGTCACA,0.19754768392370572,1,X61607768
0,35,AATTCTCGTCGGCGGGCACGTAGTGTAGCTAGTCAATCCATCATTGCCTACACTATGTCACT,0.30902348578491967,1,X61609088
0,67,AATTCTCGTCGGCGGGCACGTAGTGTAGCTAGTCAATCCATCATTGCCTACACTATGTCACT,0.3382984094925524,1,X61609871
0,169,AATTCTCGTCGGCGGGCACGTAGTGTAGCTAGTCAATCCATCATTGCCTACACTATGTCACT,1.1639118457300277,1,X61700246
1,41,AAGTCTCATCGGCGGGCACGTAGTGTAGCTAGTCAATCCATCATTGCCTACACTAAGTCACT,0.28236914600550966,2,X61700246
0,113,AAGTCTCATCGGCGGGCACGTAGTGTAGCTAGTCAATCCATCATTGCCTACACTATGTCACT,0.26261358618606057,1,X61700300
0,55,AAGTCTCATCGGCGGGCACGTAGTGTAGCTAGTCAATCCATCATTGCCTACACTAAGTCACT,0.20083254217483384,1,X61700492
0,24,AAGTCTCATCGGCGGGCACGTAGTGTAGCTAGTCAATCCATCATTGCCTACACTAAGTCACT,0.19471036832711341,1,X61700564
0,28,AAGTCTCATCGGCGGGCACGTAGTGTAGCTAGTCAATCCATCATTGCCTACACTAAGTCACT,0.2006593091586642,1,X61700588
0,60,AAGTCTCATCGGCGGGCACGTAGTGTAGCTAGTCAATCCATCATTGCCTACACTAAGTCACT,0.22913881993507734,1,X61700599
0,49,AAGTCTCATCGGCGGGCACGTAGTGTAGCTAGTCAATCCATCATTGCCTACACTAAGTCACT,0.2198492462311558,1,X61700620
0,66,AAGTCTCATCGGCGGGCACGTAGTGTAGCTAGTCAATCCATCATTGCCTACACTAAGTCACT,0.18991166230253503,1,X61700637
0,39,AAGTCTCATCGGCGGGCACGTAGTGTAGCTAGTCAATCCATCATTGCCTACACTATGTCACT,0.3009956008335263,1,X61700649
1,26,AATTCTCGTCGGCGGGCACGTAGTGTAGCTAGTCAATCCATCATTGCCTACACTAAGTCACT,0.20066373388901754,2,X61700649
0,7150,AATTCTCGTCGGCGGGCACGTAGTGTAGCTAGTCAATCCATCATTGCCTACACTATGTCACT,35.82164328657315,1,X61701424
1,116,AAGTCTCGTCGGCGGGCACGTAGTGTAGCTAGTCAATCCATCATTGCCTACACTATGTCACT,0.5811623246492986,2,X61701424
2,45,AATTCTCATCGGCGGGCACGTAGTGTAGCTAGTCAATCCATCATTGCCTACACTATGTCACT,0.22545090180360722,3,X61701424
0,37,AAGTCTCATCGGCGGGCACGTAGTGTAGCTAGTCAATCCATCATTGCCTACACTAAGTCACT,0.20099956540634506,1,X61702023
0,379,AAGTCTCATCGGCGGGCACGTAGTGTAGCTATTCAATCCATCATTGCCTACACTATGTCACT,0.4360381504619243,1,X61703236
0,47,AAGTCTCATCGGCGGGCACGTAGTGTAGCTAGTCAATCCATTATTGCCTACACTATGTCACT,0.2776301021915057,1,X61703440
0,190,AAGTCTCATCGGCGGGCACGTAGTGTAGCTAGTCAATCCATCATTGCCTACACTAAGTCACT,0.2633183657630689,1,X61703575
0,75,AAGTCTCATCGGCGGGCACGTAGTGTAGCTAGTCAATCCATCATTGCCTACACTAAGTCACT,0.2072223910700964,1,X61703692
0,82,AAGTCTCATCGGCGGGCACGTAGTGTAGCTAGTCAATCCATCATTGCCTACACTAAGTCACT,0.18698408354996124,1,X61703773
0,68,AAGTCTCATCGGCGGGCACGTAGTGTAGCTAGTCAATCCATCATTGCCTACACTAAGTCACT,0.266541235497021,1,X61703776
0,55,AAGTCTCATCGGCGGGCACGTAGTGTAGCTAGTCAATCCATCATTGCCTACACTAAGTCACT,0.26165556612749763,1,X61703862
0,27,AAGTCTCATCGGTGGGCACGTAGTGTAGCTAGTCAATCCATCATTGCCTACACTATGTCACT,0.23734177215189875,1,X61704476
1,24,AAGTCTCATCGGCGGGCACGTAGTGTAGCTAGTCAATCCATCATTGCCTACACTATGACACT,0.21097046413502107,2,X61704476
0,158,AAGTCTTATCGGCGGGCACGTAGTGTAGCTAGTCAATCCATCATTGCCTACACTATGTCACT,1.4156437595197562,1,X61704477
0,28,AAGTCTCATCGGCGGGCACGTAGTGTAGCTAGTCAATCCATCATTGCCTACACTAAGTCACT,0.23752969121140144,1,X61707650
0,80,AAGTCTCATCGGCGGGCACGTAGTGTAGCTAGTCAATCCATCATTGCCTACACTAAGTCACT,0.23014959723820483,1,X61707652
0,89,AAGTCTCATCGGCGGGCACGTAGTGTAGCTAGTCAATCCATCATTGCCTACACTAAGTCACT,0.21900684088783898,1,X61707656
