0,51,AATTCTCATCGGCGGGCACGTAGTGTAGCTAGTCAATCCATCATTGCCTACACTAAGTCACT,0.176080651843668,1,W62003865
1,45,AATTCTCCTCGGCGGGCACGTAGTGTAGCTAGTCAATCCATCATTGCCTACACTATGTCACT,0.1553652810385306,2,W62003865
0,110,AATTCTCATCGGCGGGCACGTAGTGTAGCTAGTCAATCCATCATTGCCTACACTAAGTCACT,0.18694447749018542,1,W62004022
0,61,AATTCTCATCGGCGGGCACGTAGTGTAGCTAGTCAATCCATCATTGCCTACACTAAGTCACT,0.19831594005006664,1,W62004394
0,65,AATTCTCATCGGCGGGCACGTAGTGTAGCTAGTCAATCCATCATTGCCTACACTAAGTCACT,0.1368565112117065,1,W62100237
0,55,AATTCTCCTCGGCGGGCACGTAGTGTAGCTAGTCAATCCATCATTGCCTACACTATGTCACT,0.3543814432989691,1,W62100962
1,31,AATTCTCATCGGCGGGCACGTAGTGTAGCTAGTCAATCCATCATTGCCTACACTAAGTCACT,0.1997422680412371,2,W62100962
0,32,AATTCTCATCGGCGGGCACGTAGTGTAGCTAGTCAATCCATCATTGCCTACACTAAGTCACT,0.18326556325525456,1,W62101689
0,96,AATTCTCATCGGCGGGCACGTAGTGTAGCTAGTCAATCCATCATTGCCTACACTAAGTCACT,0.1510597787603657,1,W62102126
0,27,AATTCTCCTCGGCGGGCACGTAGTGTAGCTAGTCAATCCATCATTGCCTACACTATGTCACT,0.21846427704506838,1,W62102146
1,23,AATTCTCATCGGCGGGCACGTAGTGTAGCTAGTCAATCCATCATTGCCTACACTAAGTCACT,0.18609919896431748,2,W62102146
0,23,AATTCTCATCGGCGGGCACGTAGTGTAGCTAGTCAATCCATCATTGCCTACACTAAGTCACT,0.19810508182601205,1,W62102321
0,31,AATTCTCCTCGGCGGGCACGTAGTGTAGCTAGTCAATCCATCATTGCCTACACTATGTCACT,0.19602883520930822,1,W62103281
1,28,AATTCTCATCGGCGGGCACGTAGTGTAGCTAGTCAATCCATCATTGCCTACACTAAGTCACT,0.17705830276969772,2,W62103281
0,154,AATTCTCATCGGCGGGCACGTAGTGTAGCTAGTCAATCCATCATTGCCTACACTAAGTCACT,0.17144638403990023,1,W62201336
0,27,AATTCTCATCGGCGGGCACGTAGTGTAGCTAGTCAATCCATCATTGCCTACACTAAGTCACT,0.19170690144845215,1,w62102319
0,151,AATTCTCATCGGCGGGCACGTAGTGTAGCTAGTCAATCCATCATTGCCTACACTAAGTCACT,0.18509892372943684,1,w62103108
0,48,AATTCTCATCGGCGGGCACGTAGTGTAGCTAGTCAATCCATCATTGCCTACACTAAGTCACT,0.15443021684576283,1,w62103258
0,323,AATTCTCCTCGGCGGGCACGTAGTGTAGCTAGTCAATCCATCATTGCCTACACTATGTCACT,0.6399714687642408,1,w62103551
1,82,AATTCTCATCGGCGGGCACGTAGTGTAGCTAGTCAATCCATCATTGCCTACACTAAGTCACT,0.16246953696181965,2,w62103551
0,134,AATTCTCCTCGGCGGGCACGTAGTGTAGCTAGTCAATCCATCATTGCCTACACTATGTCACT,1.188575483413163,1,w62103630
1,15,AATTCTCATCGGCGGGCACGTAGTGTAGCTAGTCAATCCATCATTGCCTACACTAAGTCACT,0.13304949441192124,2,w62103630
