0,323,ATCTATCAGGCCGGTAGCACACCTTGTAATGGTGTTGAAGGTTTTAATTGTTACTTTCCTTTACAATCATATGCTTTCCAACCCACTTATGGTGTT,0.2581728079290225,1,W62003378
1,252,ATCTATCAGGCCGGTAGCACACCTTGTAATGGTGTTGAAGGTTTTAATTGTTACTTTCCTTTACAATCATATTGTTTCCAACCCACTTATGGTGTT,0.20142274798177606,2,W62003378
0,323,ATCTATCAGGCCGGTAGCACACCTTGTAATGGTGTTGAAGGTTTTAATTGTTACTTTCCTTTACAATCATATGCTTTCCAACCCACTTATGGTGTT,0.2581728079290225,1,W62003378
1,252,ATCTATCAGGCCGGTAGCACACCTTGTAATGGTGTTGAAGGTTTTAATTGTTACTTTCCTTTACAATCATATTGTTTCCAACCCACTTATGGTGTT,0.20142274798177606,2,W62003378
0,325,ATCTATCAGGCCGGTAGCACACCTTGTAATGGTGTTGAAGGTTTTAATTGTTACTTTCCTTTACAATCATATTGTTTCCAACCCACTTATGGTGTT,0.22873792967540327,1,W62003379
1,289,ATCTATCAGGCCGGTAGCACACCTTGTAATGGTGTTGAAGGTTTTAATTGTTACTTTCCTTTACAATCATATGGTTTACAACCCACTTATGGTGTT,0.20340080515751247,2,W62003379
0,325,ATCTATCAGGCCGGTAGCACACCTTGTAATGGTGTTGAAGGTTTTAATTGTTACTTTCCTTTACAATCATATTGTTTCCAACCCACTTATGGTGTT,0.22873792967540327,1,W62003379
1,289,ATCTATCAGGCCGGTAGCACACCTTGTAATGGTGTTGAAGGTTTTAATTGTTACTTTCCTTTACAATCATATGGTTTACAACCCACTTATGGTGTT,0.20340080515751247,2,W62003379
0,368,ATCTATCAGTCCGGTAGCACACCTTGTAATGGTGTTGAAGGTTTTAATTGTTACTTTCCTTTACAATCATATGGTTTCCAACCCACTTATGGTGTT,0.3222840127862679,1,W62003387
1,364,ATCTATCAGGCCGGTAGCACACCTTGTAATGGTGTTGAAGGTTTTAATTGTTACTTTCCTTTACAATCATATGCTTTCCAACCCACTTATGGTGTT,0.318780925690765,2,W62003387
2,323,ATCTATCAGGCCGGTAGCACACCTTGTAATGGTGTTGAAGGTTTTAATTGTTACTTTCCTTTACAATCATATTGTTTCCAACCCACTTATGGTGTT,0.2828742829618601,3,W62003387
3,198,ATCTATCAGGCCGGTAGCACACCTTGTAATGGTGTTGAAGGTTTTAATTGTTACTTTTCTTTACAATCATATGGTTTCCAACCCACTTATGGTGTT,0.17340281122739412,4,W62003387
0,368,ATCTATCAGTCCGGTAGCACACCTTGTAATGGTGTTGAAGGTTTTAATTGTTACTTTCCTTTACAATCATATGGTTTCCAACCCACTTATGGTGTT,0.3222840127862679,1,W62003387
1,364,ATCTATCAGGCCGGTAGCACACCTTGTAATGGTGTTGAAGGTTTTAATTGTTACTTTCCTTTACAATCATATGCTTTCCAACCCACTTATGGTGTT,0.318780925690765,2,W62003387
2,323,ATCTATCAGGCCGGTAGCACACCTTGTAATGGTGTTGAAGGTTTTAATTGTTACTTTCCTTTACAATCATATTGTTTCCAACCCACTTATGGTGTT,0.2828742829618601,3,W62003387
3,198,ATCTATCAGGCCGGTAGCACACCTTGTAATGGTGTTGAAGGTTTTAATTGTTACTTTTCTTTACAATCATATGGTTTCCAACCCACTTATGGTGTT,0.17340281122739412,4,W62003387
0,368,ATCTATCAGTCCGGTAGCACACCTTGTAATGGTGTTGAAGGTTTTAATTGTTACTTTCCTTTACAATCATATGGTTTCCAACCCACTTATGGTGTT,0.3222840127862679,1,W62003387
1,364,ATCTATCAGGCCGGTAGCACACCTTGTAATGGTGTTGAAGGTTTTAATTGTTACTTTCCTTTACAATCATATGCTTTCCAACCCACTTATGGTGTT,0.318780925690765,2,W62003387
2,323,ATCTATCAGGCCGGTAGCACACCTTGTAATGGTGTTGAAGGTTTTAATTGTTACTTTCCTTTACAATCATATTGTTTCCAACCCACTTATGGTGTT,0.2828742829618601,3,W62003387
3,198,ATCTATCAGGCCGGTAGCACACCTTGTAATGGTGTTGAAGGTTTTAATTGTTACTTTTCTTTACAATCATATGGTTTCCAACCCACTTATGGTGTT,0.17340281122739412,4,W62003387
0,368,ATCTATCAGTCCGGTAGCACACCTTGTAATGGTGTTGAAGGTTTTAATTGTTACTTTCCTTTACAATCATATGGTTTCCAACCCACTTATGGTGTT,0.3222840127862679,1,W62003387
1,364,ATCTATCAGGCCGGTAGCACACCTTGTAATGGTGTTGAAGGTTTTAATTGTTACTTTCCTTTACAATCATATGCTTTCCAACCCACTTATGGTGTT,0.318780925690765,2,W62003387
2,323,ATCTATCAGGCCGGTAGCACACCTTGTAATGGTGTTGAAGGTTTTAATTGTTACTTTCCTTTACAATCATATTGTTTCCAACCCACTTATGGTGTT,0.2828742829618601,3,W62003387
3,198,ATCTATCAGGCCGGTAGCACACCTTGTAATGGTGTTGAAGGTTTTAATTGTTACTTTTCTTTACAATCATATGGTTTCCAACCCACTTATGGTGTT,0.17340281122739412,4,W62003387
0,535,ATCTATCAGGCCGGTAGCACACCTTGTAATGGTGTTGAAGGTTTTAATTGTTACTTTCCTTTACAATCATATGCTTTCCAACCCACTTATGGTGTT,0.30543328709016276,1,W62003449
1,506,ATCTATCAGGCCGGTAGCACACCTTGTAATGGTGTTGAAGGTTTTAATTGTTACTTTCCTTTACAATCATATTGTTTCCAACCCACTTATGGTGTT,0.28887709021985486,2,W62003449
2,407,ATCTATCAGGCCGGTAGCACACCTTGTAATGGTGTTGAAGGTTTTAATTGTTACTTTCCTTTACAATCATATGGTTTACAACCCACTTATGGTGTT,0.2323576595246659,3,W62003449
3,375,ATCTATCAGGCCGGTAGCACACCTTGTAATGGTGTTGAAGGTTTTAATTGTTACTTTCCTTTACAATCATATGTTTTCCAACCCACTTATGGTGTT,0.21408875263329166,4,W62003449
0,535,ATCTATCAGGCCGGTAGCACACCTTGTAATGGTGTTGAAGGTTTTAATTGTTACTTTCCTTTACAATCATATGCTTTCCAACCCACTTATGGTGTT,0.30543328709016276,1,W62003449
1,506,ATCTATCAGGCCGGTAGCACACCTTGTAATGGTGTTGAAGGTTTTAATTGTTACTTTCCTTTACAATCATATTGTTTCCAACCCACTTATGGTGTT,0.28887709021985486,2,W62003449
2,407,ATCTATCAGGCCGGTAGCACACCTTGTAATGGTGTTGAAGGTTTTAATTGTTACTTTCCTTTACAATCATATGGTTTACAACCCACTTATGGTGTT,0.2323576595246659,3,W62003449
3,375,ATCTATCAGGCCGGTAGCACACCTTGTAATGGTGTTGAAGGTTTTAATTGTTACTTTCCTTTACAATCATATGTTTTCCAACCCACTTATGGTGTT,0.21408875263329166,4,W62003449
0,535,ATCTATCAGGCCGGTAGCACACCTTGTAATGGTGTTGAAGGTTTTAATTGTTACTTTCCTTTACAATCATATGCTTTCCAACCCACTTATGGTGTT,0.30543328709016276,1,W62003449
1,506,ATCTATCAGGCCGGTAGCACACCTTGTAATGGTGTTGAAGGTTTTAATTGTTACTTTCCTTTACAATCATATTGTTTCCAACCCACTTATGGTGTT,0.28887709021985486,2,W62003449
2,407,ATCTATCAGGCCGGTAGCACACCTTGTAATGGTGTTGAAGGTTTTAATTGTTACTTTCCTTTACAATCATATGGTTTACAACCCACTTATGGTGTT,0.2323576595246659,3,W62003449
3,375,ATCTATCAGGCCGGTAGCACACCTTGTAATGGTGTTGAAGGTTTTAATTGTTACTTTCCTTTACAATCATATGTTTTCCAACCCACTTATGGTGTT,0.21408875263329166,4,W62003449
0,535,ATCTATCAGGCCGGTAGCACACCTTGTAATGGTGTTGAAGGTTTTAATTGTTACTTTCCTTTACAATCATATGCTTTCCAACCCACTTATGGTGTT,0.30543328709016276,1,W62003449
1,506,ATCTATCAGGCCGGTAGCACACCTTGTAATGGTGTTGAAGGTTTTAATTGTTACTTTCCTTTACAATCATATTGTTTCCAACCCACTTATGGTGTT,0.28887709021985486,2,W62003449
2,407,ATCTATCAGGCCGGTAGCACACCTTGTAATGGTGTTGAAGGTTTTAATTGTTACTTTCCTTTACAATCATATGGTTTACAACCCACTTATGGTGTT,0.2323576595246659,3,W62003449
3,375,ATCTATCAGGCCGGTAGCACACCTTGTAATGGTGTTGAAGGTTTTAATTGTTACTTTCCTTTACAATCATATGTTTTCCAACCCACTTATGGTGTT,0.21408875263329166,4,W62003449
0,162,ATCTATCAGGCCGGTAGCACACCTTGTAATGGTGTTGAAGGTTTTAATTGTTACTTTCCTTTACAATCATATGCTTTCCAACCCACTTATGGTGTT,0.22151725646775694,1,W62003865
1,149,ATCTATCAGGCCGGTAGCACACCTTGTAATGGTGTTGAAGGTTTTAATTGTTACTTTCCTTTACAATCATATTGTTTCCAACCCACTTATGGTGTT,0.20374118033145544,2,W62003865
2,127,ATCTATCAGGCCGGTAGCACACCTTGTAATGGTGTTGAAGGTTTTAATTGTTACTTTCCTTTACAATCATATGGTTTACAACCCACTTATGGTGTT,0.17365858994694527,3,W62003865
0,162,ATCTATCAGGCCGGTAGCACACCTTGTAATGGTGTTGAAGGTTTTAATTGTTACTTTCCTTTACAATCATATGCTTTCCAACCCACTTATGGTGTT,0.22151725646775694,1,W62003865
1,149,ATCTATCAGGCCGGTAGCACACCTTGTAATGGTGTTGAAGGTTTTAATTGTTACTTTCCTTTACAATCATATTGTTTCCAACCCACTTATGGTGTT,0.20374118033145544,2,W62003865
2,127,ATCTATCAGGCCGGTAGCACACCTTGTAATGGTGTTGAAGGTTTTAATTGTTACTTTCCTTTACAATCATATGGTTTACAACCCACTTATGGTGTT,0.17365858994694527,3,W62003865
0,162,ATCTATCAGGCCGGTAGCACACCTTGTAATGGTGTTGAAGGTTTTAATTGTTACTTTCCTTTACAATCATATGCTTTCCAACCCACTTATGGTGTT,0.22151725646775694,1,W62003865
1,149,ATCTATCAGGCCGGTAGCACACCTTGTAATGGTGTTGAAGGTTTTAATTGTTACTTTCCTTTACAATCATATTGTTTCCAACCCACTTATGGTGTT,0.20374118033145544,2,W62003865
2,127,ATCTATCAGGCCGGTAGCACACCTTGTAATGGTGTTGAAGGTTTTAATTGTTACTTTCCTTTACAATCATATGGTTTACAACCCACTTATGGTGTT,0.17365858994694527,3,W62003865
0,238,ATCTATCAGGCCGGTAGCACACCTTGTAATGGTGTTGAAGGTTTTAATTGTTACTTTCCTTTACAATCATATGGTTTACAACCCACTTATGGTGTT,0.19986563654685927,1,W62003869
1,227,ATCTATCAGGCCGGTAGCACACCTTGTAATGGTGTTGAAGGTTTTAATTGTTACTTTCCTTTACAATCATATTGTTTCCAACCCACTTATGGTGTT,0.19062814914343298,2,W62003869
0,238,ATCTATCAGGCCGGTAGCACACCTTGTAATGGTGTTGAAGGTTTTAATTGTTACTTTCCTTTACAATCATATGGTTTACAACCCACTTATGGTGTT,0.19986563654685927,1,W62003869
1,227,ATCTATCAGGCCGGTAGCACACCTTGTAATGGTGTTGAAGGTTTTAATTGTTACTTTCCTTTACAATCATATTGTTTCCAACCCACTTATGGTGTT,0.19062814914343298,2,W62003869
0,248,ATCTATCAGGCCGGTAGCACACCTTGTAATGGTGTTGAAGGTTTTAATTGTTACTTTCCTTTACAATCATATGCTTTCCAACCCACTTATGGTGTT,0.2250392457555602,1,W62004022
1,244,ATCTATCAGGCCGGTAGCACACCTTGTAATGGTGTTGAAGGTTTTAATTGTTACTTTCCTTTACAATCATATTGTTTCCAACCCACTTATGGTGTT,0.22140958050143825,2,W62004022
2,207,ATCTATCAGGCCGGTAGCACACCTTGTAATGGTGTTGAAGGTTTTAATTGTTACTTTCCTTTACAATCATATGGTTTCCAACCCACTAATGGTGTT,0.1878351769008103,3,W62004022
0,248,ATCTATCAGGCCGGTAGCACACCTTGTAATGGTGTTGAAGGTTTTAATTGTTACTTTCCTTTACAATCATATGCTTTCCAACCCACTTATGGTGTT,0.2250392457555602,1,W62004022
1,244,ATCTATCAGGCCGGTAGCACACCTTGTAATGGTGTTGAAGGTTTTAATTGTTACTTTCCTTTACAATCATATTGTTTCCAACCCACTTATGGTGTT,0.22140958050143825,2,W62004022
2,207,ATCTATCAGGCCGGTAGCACACCTTGTAATGGTGTTGAAGGTTTTAATTGTTACTTTCCTTTACAATCATATGGTTTCCAACCCACTAATGGTGTT,0.1878351769008103,3,W62004022
0,248,ATCTATCAGGCCGGTAGCACACCTTGTAATGGTGTTGAAGGTTTTAATTGTTACTTTCCTTTACAATCATATGCTTTCCAACCCACTTATGGTGTT,0.2250392457555602,1,W62004022
1,244,ATCTATCAGGCCGGTAGCACACCTTGTAATGGTGTTGAAGGTTTTAATTGTTACTTTCCTTTACAATCATATTGTTTCCAACCCACTTATGGTGTT,0.22140958050143825,2,W62004022
2,207,ATCTATCAGGCCGGTAGCACACCTTGTAATGGTGTTGAAGGTTTTAATTGTTACTTTCCTTTACAATCATATGGTTTCCAACCCACTAATGGTGTT,0.1878351769008103,3,W62004022
0,185,ATCTATCAGGCCGGTAGCACACCTTGTAATGGTGTTGAAGGTTTTAATTGTTACTTTCCTTTACAATCATATTGTTTCCAACCCACTTATGGTGTT,0.18943854511197356,1,W62004045
1,180,ATCTATCAGGCCGGTAGCACACCTTGTAATGGTGTTGAAGGTTTTAATTGTTACTTTCCTTTACAATCATATGGTTTACAACCCACTTATGGTGTT,0.18431858443327154,2,W62004045
0,185,ATCTATCAGGCCGGTAGCACACCTTGTAATGGTGTTGAAGGTTTTAATTGTTACTTTCCTTTACAATCATATTGTTTCCAACCCACTTATGGTGTT,0.18943854511197356,1,W62004045
1,180,ATCTATCAGGCCGGTAGCACACCTTGTAATGGTGTTGAAGGTTTTAATTGTTACTTTCCTTTACAATCATATGGTTTACAACCCACTTATGGTGTT,0.18431858443327154,2,W62004045
0,336,ATCTATCAGGCCGGTAGCACACCTTGTAATGGTGTTGAAGGTTTTAATTGTTACTTTCCTTTACAATCATATTGTTTCCAACCCACTTATGGTGTT,0.2619597081020395,1,W62004106
1,269,ATCTATCAGGCCGGTAGCACACCTTGTAATGGTGTTGAAGGTTTTAATTGTTACTTTCCTTTACAATCATATGCTTTCCAACCCACTTATGGTGTT,0.20972369487931142,2,W62004106
0,336,ATCTATCAGGCCGGTAGCACACCTTGTAATGGTGTTGAAGGTTTTAATTGTTACTTTCCTTTACAATCATATTGTTTCCAACCCACTTATGGTGTT,0.2619597081020395,1,W62004106
1,269,ATCTATCAGGCCGGTAGCACACCTTGTAATGGTGTTGAAGGTTTTAATTGTTACTTTCCTTTACAATCATATGCTTTCCAACCCACTTATGGTGTT,0.20972369487931142,2,W62004106
0,139,ATCTATCAGGCCGGTAGCACACCTTGTAATGGTGTTGAAGGTTTTAATTGTTACTTTCCTTTACAATCATATGCTTTCCAACCCACTTATGGTGTT,0.3430997457606201,1,W62004112
1,128,ATCTATCAGGCCGGTAGCACACCTTGTAATGGTGTTGAAGGTTTTAATTGTTACTTTCCTTTACAATCATATTGTTTCCAACCCACTTATGGTGTT,0.31594796731913216,2,W62004112
2,113,ATCTATCAGGCCGGTAGCACACCTTGTAATGGTGTTGAAGGTTTTAATTGTTACTTTCCTTTTACAATCATATGGTTTCCAACCCACTTATGGTGT,0.27892281489892135,3,W62004112
3,102,ATCTATCAGGCCGGTAGCACACCTTGTAATGGTGTTGAAGGTTTTAATTGTTACTTTCCTTTACAATCATATGTTTTCCAACCCACTTATGGTGTT,0.25177103645743343,4,W62004112
4,79,ATCTATCAGGCCGGTAGCACACCTTGTAATGGTGTTGAAGGTTTTAATTGTTACTTTCCTTTACAAACATATGGTTTCCAACCCACTTATGGTGTT,0.19499913607977687,5,W62004112
5,73,ATCTATCAGGCCGGTAGCACACCTTGTAATGGTGTTGAAGGTTTTAATTGTTATTTTCCTTTACAATCATATGGTTTCCAACCCACTTATGGTGTT,0.18018907511169255,6,W62004112
6,73,ATCTATCAGGCCGGTAGCACACCTTGTAATGGTGTTGAAGGTTTTAATTGTTACTTTCCTTTACAATCATATGGTTTACAACCCACTTATGGTGTT,0.18018907511169255,7,W62004112
0,139,ATCTATCAGGCCGGTAGCACACCTTGTAATGGTGTTGAAGGTTTTAATTGTTACTTTCCTTTACAATCATATGCTTTCCAACCCACTTATGGTGTT,0.3430997457606201,1,W62004112
1,128,ATCTATCAGGCCGGTAGCACACCTTGTAATGGTGTTGAAGGTTTTAATTGTTACTTTCCTTTACAATCATATTGTTTCCAACCCACTTATGGTGTT,0.31594796731913216,2,W62004112
2,113,ATCTATCAGGCCGGTAGCACACCTTGTAATGGTGTTGAAGGTTTTAATTGTTACTTTCCTTTTACAATCATATGGTTTCCAACCCACTTATGGTGT,0.27892281489892135,3,W62004112
3,102,ATCTATCAGGCCGGTAGCACACCTTGTAATGGTGTTGAAGGTTTTAATTGTTACTTTCCTTTACAATCATATGTTTTCCAACCCACTTATGGTGTT,0.25177103645743343,4,W62004112
4,79,ATCTATCAGGCCGGTAGCACACCTTGTAATGGTGTTGAAGGTTTTAATTGTTACTTTCCTTTACAAACATATGGTTTCCAACCCACTTATGGTGTT,0.19499913607977687,5,W62004112
5,73,ATCTATCAGGCCGGTAGCACACCTTGTAATGGTGTTGAAGGTTTTAATTGTTATTTTCCTTTACAATCATATGGTTTCCAACCCACTTATGGTGTT,0.18018907511169255,6,W62004112
6,73,ATCTATCAGGCCGGTAGCACACCTTGTAATGGTGTTGAAGGTTTTAATTGTTACTTTCCTTTACAATCATATGGTTTACAACCCACTTATGGTGTT,0.18018907511169255,7,W62004112
0,139,ATCTATCAGGCCGGTAGCACACCTTGTAATGGTGTTGAAGGTTTTAATTGTTACTTTCCTTTACAATCATATGCTTTCCAACCCACTTATGGTGTT,0.3430997457606201,1,W62004112
1,128,ATCTATCAGGCCGGTAGCACACCTTGTAATGGTGTTGAAGGTTTTAATTGTTACTTTCCTTTACAATCATATTGTTTCCAACCCACTTATGGTGTT,0.31594796731913216,2,W62004112
2,113,ATCTATCAGGCCGGTAGCACACCTTGTAATGGTGTTGAAGGTTTTAATTGTTACTTTCCTTTTACAATCATATGGTTTCCAACCCACTTATGGTGT,0.27892281489892135,3,W62004112
3,102,ATCTATCAGGCCGGTAGCACACCTTGTAATGGTGTTGAAGGTTTTAATTGTTACTTTCCTTTACAATCATATGTTTTCCAACCCACTTATGGTGTT,0.25177103645743343,4,W62004112
4,79,ATCTATCAGGCCGGTAGCACACCTTGTAATGGTGTTGAAGGTTTTAATTGTTACTTTCCTTTACAAACATATGGTTTCCAACCCACTTATGGTGTT,0.19499913607977687,5,W62004112
5,73,ATCTATCAGGCCGGTAGCACACCTTGTAATGGTGTTGAAGGTTTTAATTGTTATTTTCCTTTACAATCATATGGTTTCCAACCCACTTATGGTGTT,0.18018907511169255,6,W62004112
6,73,ATCTATCAGGCCGGTAGCACACCTTGTAATGGTGTTGAAGGTTTTAATTGTTACTTTCCTTTACAATCATATGGTTTACAACCCACTTATGGTGTT,0.18018907511169255,7,W62004112
0,139,ATCTATCAGGCCGGTAGCACACCTTGTAATGGTGTTGAAGGTTTTAATTGTTACTTTCCTTTACAATCATATGCTTTCCAACCCACTTATGGTGTT,0.3430997457606201,1,W62004112
1,128,ATCTATCAGGCCGGTAGCACACCTTGTAATGGTGTTGAAGGTTTTAATTGTTACTTTCCTTTACAATCATATTGTTTCCAACCCACTTATGGTGTT,0.31594796731913216,2,W62004112
2,113,ATCTATCAGGCCGGTAGCACACCTTGTAATGGTGTTGAAGGTTTTAATTGTTACTTTCCTTTTACAATCATATGGTTTCCAACCCACTTATGGTGT,0.27892281489892135,3,W62004112
3,102,ATCTATCAGGCCGGTAGCACACCTTGTAATGGTGTTGAAGGTTTTAATTGTTACTTTCCTTTACAATCATATGTTTTCCAACCCACTTATGGTGTT,0.25177103645743343,4,W62004112
4,79,ATCTATCAGGCCGGTAGCACACCTTGTAATGGTGTTGAAGGTTTTAATTGTTACTTTCCTTTACAAACATATGGTTTCCAACCCACTTATGGTGTT,0.19499913607977687,5,W62004112
5,73,ATCTATCAGGCCGGTAGCACACCTTGTAATGGTGTTGAAGGTTTTAATTGTTATTTTCCTTTACAATCATATGGTTTCCAACCCACTTATGGTGTT,0.18018907511169255,6,W62004112
6,73,ATCTATCAGGCCGGTAGCACACCTTGTAATGGTGTTGAAGGTTTTAATTGTTACTTTCCTTTACAATCATATGGTTTACAACCCACTTATGGTGTT,0.18018907511169255,7,W62004112
0,139,ATCTATCAGGCCGGTAGCACACCTTGTAATGGTGTTGAAGGTTTTAATTGTTACTTTCCTTTACAATCATATGCTTTCCAACCCACTTATGGTGTT,0.3430997457606201,1,W62004112
1,128,ATCTATCAGGCCGGTAGCACACCTTGTAATGGTGTTGAAGGTTTTAATTGTTACTTTCCTTTACAATCATATTGTTTCCAACCCACTTATGGTGTT,0.31594796731913216,2,W62004112
2,113,ATCTATCAGGCCGGTAGCACACCTTGTAATGGTGTTGAAGGTTTTAATTGTTACTTTCCTTTTACAATCATATGGTTTCCAACCCACTTATGGTGT,0.27892281489892135,3,W62004112
3,102,ATCTATCAGGCCGGTAGCACACCTTGTAATGGTGTTGAAGGTTTTAATTGTTACTTTCCTTTACAATCATATGTTTTCCAACCCACTTATGGTGTT,0.25177103645743343,4,W62004112
4,79,ATCTATCAGGCCGGTAGCACACCTTGTAATGGTGTTGAAGGTTTTAATTGTTACTTTCCTTTACAAACATATGGTTTCCAACCCACTTATGGTGTT,0.19499913607977687,5,W62004112
5,73,ATCTATCAGGCCGGTAGCACACCTTGTAATGGTGTTGAAGGTTTTAATTGTTATTTTCCTTTACAATCATATGGTTTCCAACCCACTTATGGTGTT,0.18018907511169255,6,W62004112
6,73,ATCTATCAGGCCGGTAGCACACCTTGTAATGGTGTTGAAGGTTTTAATTGTTACTTTCCTTTACAATCATATGGTTTACAACCCACTTATGGTGTT,0.18018907511169255,7,W62004112
0,139,ATCTATCAGGCCGGTAGCACACCTTGTAATGGTGTTGAAGGTTTTAATTGTTACTTTCCTTTACAATCATATGCTTTCCAACCCACTTATGGTGTT,0.3430997457606201,1,W62004112
1,128,ATCTATCAGGCCGGTAGCACACCTTGTAATGGTGTTGAAGGTTTTAATTGTTACTTTCCTTTACAATCATATTGTTTCCAACCCACTTATGGTGTT,0.31594796731913216,2,W62004112
2,113,ATCTATCAGGCCGGTAGCACACCTTGTAATGGTGTTGAAGGTTTTAATTGTTACTTTCCTTTTACAATCATATGGTTTCCAACCCACTTATGGTGT,0.27892281489892135,3,W62004112
3,102,ATCTATCAGGCCGGTAGCACACCTTGTAATGGTGTTGAAGGTTTTAATTGTTACTTTCCTTTACAATCATATGTTTTCCAACCCACTTATGGTGTT,0.25177103645743343,4,W62004112
4,79,ATCTATCAGGCCGGTAGCACACCTTGTAATGGTGTTGAAGGTTTTAATTGTTACTTTCCTTTACAAACATATGGTTTCCAACCCACTTATGGTGTT,0.19499913607977687,5,W62004112
5,73,ATCTATCAGGCCGGTAGCACACCTTGTAATGGTGTTGAAGGTTTTAATTGTTATTTTCCTTTACAATCATATGGTTTCCAACCCACTTATGGTGTT,0.18018907511169255,6,W62004112
6,73,ATCTATCAGGCCGGTAGCACACCTTGTAATGGTGTTGAAGGTTTTAATTGTTACTTTCCTTTACAATCATATGGTTTACAACCCACTTATGGTGTT,0.18018907511169255,7,W62004112
0,139,ATCTATCAGGCCGGTAGCACACCTTGTAATGGTGTTGAAGGTTTTAATTGTTACTTTCCTTTACAATCATATGCTTTCCAACCCACTTATGGTGTT,0.3430997457606201,1,W62004112
1,128,ATCTATCAGGCCGGTAGCACACCTTGTAATGGTGTTGAAGGTTTTAATTGTTACTTTCCTTTACAATCATATTGTTTCCAACCCACTTATGGTGTT,0.31594796731913216,2,W62004112
2,113,ATCTATCAGGCCGGTAGCACACCTTGTAATGGTGTTGAAGGTTTTAATTGTTACTTTCCTTTTACAATCATATGGTTTCCAACCCACTTATGGTGT,0.27892281489892135,3,W62004112
3,102,ATCTATCAGGCCGGTAGCACACCTTGTAATGGTGTTGAAGGTTTTAATTGTTACTTTCCTTTACAATCATATGTTTTCCAACCCACTTATGGTGTT,0.25177103645743343,4,W62004112
4,79,ATCTATCAGGCCGGTAGCACACCTTGTAATGGTGTTGAAGGTTTTAATTGTTACTTTCCTTTACAAACATATGGTTTCCAACCCACTTATGGTGTT,0.19499913607977687,5,W62004112
5,73,ATCTATCAGGCCGGTAGCACACCTTGTAATGGTGTTGAAGGTTTTAATTGTTATTTTCCTTTACAATCATATGGTTTCCAACCCACTTATGGTGTT,0.18018907511169255,6,W62004112
6,73,ATCTATCAGGCCGGTAGCACACCTTGTAATGGTGTTGAAGGTTTTAATTGTTACTTTCCTTTACAATCATATGGTTTACAACCCACTTATGGTGTT,0.18018907511169255,7,W62004112
0,542,ATCTATCAGGCCGGTAGCACACCTTGTAATGGTGTTGAAGGTTTTAATTGTTACTTTCCTTTACAATCATATGGTTTACAACCCACTTATGGTGTT,0.3648627725531643,1,W62004147
1,523,ATCTATCAGGCCGGTAGCACACCTTGTAATGGTGTTGAAGGTTTTAATTGTTACTTTCCTTTACAATCATATTGTTTCCAACCCACTTATGGTGTT,0.3520723801573891,2,W62004147
2,299,ATCTATCAGGCCGGTAGCACACCTTGTAATGGTGTTGAAGGTTTTAATTGTTACTTTCCTTTACAATCATATGGTTTCCAACCCACATATGGTGTT,0.20128038559667183,3,W62004147
3,297,ATCTATCAGGCCGGTAGCACACCTTGTAATGGTGTTGAAGGTTTTAATTGTTACTTTCCTTTACAATCATATGCTTTCCAACCCACTTATGGTGTT,0.19993402850237968,4,W62004147
4,288,ATCTATCAGGCCGGTAGCACACCTTGTAATGGTGTTGAAGGTTTTAATTGTTACTTTCCTTTACAATCATATGGTTTCCAACCCACTAATGGTGTT,0.19387542157806517,5,W62004147
0,542,ATCTATCAGGCCGGTAGCACACCTTGTAATGGTGTTGAAGGTTTTAATTGTTACTTTCCTTTACAATCATATGGTTTACAACCCACTTATGGTGTT,0.3648627725531643,1,W62004147
1,523,ATCTATCAGGCCGGTAGCACACCTTGTAATGGTGTTGAAGGTTTTAATTGTTACTTTCCTTTACAATCATATTGTTTCCAACCCACTTATGGTGTT,0.3520723801573891,2,W62004147
2,299,ATCTATCAGGCCGGTAGCACACCTTGTAATGGTGTTGAAGGTTTTAATTGTTACTTTCCTTTACAATCATATGGTTTCCAACCCACATATGGTGTT,0.20128038559667183,3,W62004147
3,297,ATCTATCAGGCCGGTAGCACACCTTGTAATGGTGTTGAAGGTTTTAATTGTTACTTTCCTTTACAATCATATGCTTTCCAACCCACTTATGGTGTT,0.19993402850237968,4,W62004147
4,288,ATCTATCAGGCCGGTAGCACACCTTGTAATGGTGTTGAAGGTTTTAATTGTTACTTTCCTTTACAATCATATGGTTTCCAACCCACTAATGGTGTT,0.19387542157806517,5,W62004147
0,542,ATCTATCAGGCCGGTAGCACACCTTGTAATGGTGTTGAAGGTTTTAATTGTTACTTTCCTTTACAATCATATGGTTTACAACCCACTTATGGTGTT,0.3648627725531643,1,W62004147
1,523,ATCTATCAGGCCGGTAGCACACCTTGTAATGGTGTTGAAGGTTTTAATTGTTACTTTCCTTTACAATCATATTGTTTCCAACCCACTTATGGTGTT,0.3520723801573891,2,W62004147
2,299,ATCTATCAGGCCGGTAGCACACCTTGTAATGGTGTTGAAGGTTTTAATTGTTACTTTCCTTTACAATCATATGGTTTCCAACCCACATATGGTGTT,0.20128038559667183,3,W62004147
3,297,ATCTATCAGGCCGGTAGCACACCTTGTAATGGTGTTGAAGGTTTTAATTGTTACTTTCCTTTACAATCATATGCTTTCCAACCCACTTATGGTGTT,0.19993402850237968,4,W62004147
4,288,ATCTATCAGGCCGGTAGCACACCTTGTAATGGTGTTGAAGGTTTTAATTGTTACTTTCCTTTACAATCATATGGTTTCCAACCCACTAATGGTGTT,0.19387542157806517,5,W62004147
0,542,ATCTATCAGGCCGGTAGCACACCTTGTAATGGTGTTGAAGGTTTTAATTGTTACTTTCCTTTACAATCATATGGTTTACAACCCACTTATGGTGTT,0.3648627725531643,1,W62004147
1,523,ATCTATCAGGCCGGTAGCACACCTTGTAATGGTGTTGAAGGTTTTAATTGTTACTTTCCTTTACAATCATATTGTTTCCAACCCACTTATGGTGTT,0.3520723801573891,2,W62004147
2,299,ATCTATCAGGCCGGTAGCACACCTTGTAATGGTGTTGAAGGTTTTAATTGTTACTTTCCTTTACAATCATATGGTTTCCAACCCACATATGGTGTT,0.20128038559667183,3,W62004147
3,297,ATCTATCAGGCCGGTAGCACACCTTGTAATGGTGTTGAAGGTTTTAATTGTTACTTTCCTTTACAATCATATGCTTTCCAACCCACTTATGGTGTT,0.19993402850237968,4,W62004147
4,288,ATCTATCAGGCCGGTAGCACACCTTGTAATGGTGTTGAAGGTTTTAATTGTTACTTTCCTTTACAATCATATGGTTTCCAACCCACTAATGGTGTT,0.19387542157806517,5,W62004147
0,542,ATCTATCAGGCCGGTAGCACACCTTGTAATGGTGTTGAAGGTTTTAATTGTTACTTTCCTTTACAATCATATGGTTTACAACCCACTTATGGTGTT,0.3648627725531643,1,W62004147
1,523,ATCTATCAGGCCGGTAGCACACCTTGTAATGGTGTTGAAGGTTTTAATTGTTACTTTCCTTTACAATCATATTGTTTCCAACCCACTTATGGTGTT,0.3520723801573891,2,W62004147
2,299,ATCTATCAGGCCGGTAGCACACCTTGTAATGGTGTTGAAGGTTTTAATTGTTACTTTCCTTTACAATCATATGGTTTCCAACCCACATATGGTGTT,0.20128038559667183,3,W62004147
3,297,ATCTATCAGGCCGGTAGCACACCTTGTAATGGTGTTGAAGGTTTTAATTGTTACTTTCCTTTACAATCATATGCTTTCCAACCCACTTATGGTGTT,0.19993402850237968,4,W62004147
4,288,ATCTATCAGGCCGGTAGCACACCTTGTAATGGTGTTGAAGGTTTTAATTGTTACTTTCCTTTACAATCATATGGTTTCCAACCCACTAATGGTGTT,0.19387542157806517,5,W62004147
0,482,ATCTATCAGGCCGGTAGCACACCTTGTAATGGTGTTGAAGGTTTTAATTGTTACTTTCCTTTACAATCATATGCTTTCCAACCCACTTATGGTGTT,0.30856886783393617,1,W62004258
1,459,ATCTATCAGGCCGGTAGCACACCTTGTAATGGTGTTGAAGGTTTTAATTGTTACTTTCCTTTACAATCATATTGTTTCCAACCCACTTATGGTGTT,0.29384462725264876,2,W62004258
2,372,ATCTATCAGGCCGGTAGCACACCTTGTAATGGTGTTGAAGGTTTTAATTGTTACTTTCCTTTACAATCATATGGTTTACAACCCACTTATGGTGTT,0.23814858679299641,3,W62004258
3,330,ATCTATCAGGCCGGTAGCACACCTTGTAATGGTGTTGAAGGTTTTAATTGTTACTTTCCTTTACAATCATATGTTTTCCAACCCACTTATGGTGTT,0.21126084312281934,4,W62004258
0,482,ATCTATCAGGCCGGTAGCACACCTTGTAATGGTGTTGAAGGTTTTAATTGTTACTTTCCTTTACAATCATATGCTTTCCAACCCACTTATGGTGTT,0.30856886783393617,1,W62004258
1,459,ATCTATCAGGCCGGTAGCACACCTTGTAATGGTGTTGAAGGTTTTAATTGTTACTTTCCTTTACAATCATATTGTTTCCAACCCACTTATGGTGTT,0.29384462725264876,2,W62004258
2,372,ATCTATCAGGCCGGTAGCACACCTTGTAATGGTGTTGAAGGTTTTAATTGTTACTTTCCTTTACAATCATATGGTTTACAACCCACTTATGGTGTT,0.23814858679299641,3,W62004258
3,330,ATCTATCAGGCCGGTAGCACACCTTGTAATGGTGTTGAAGGTTTTAATTGTTACTTTCCTTTACAATCATATGTTTTCCAACCCACTTATGGTGTT,0.21126084312281934,4,W62004258
0,482,ATCTATCAGGCCGGTAGCACACCTTGTAATGGTGTTGAAGGTTTTAATTGTTACTTTCCTTTACAATCATATGCTTTCCAACCCACTTATGGTGTT,0.30856886783393617,1,W62004258
1,459,ATCTATCAGGCCGGTAGCACACCTTGTAATGGTGTTGAAGGTTTTAATTGTTACTTTCCTTTACAATCATATTGTTTCCAACCCACTTATGGTGTT,0.29384462725264876,2,W62004258
2,372,ATCTATCAGGCCGGTAGCACACCTTGTAATGGTGTTGAAGGTTTTAATTGTTACTTTCCTTTACAATCATATGGTTTACAACCCACTTATGGTGTT,0.23814858679299641,3,W62004258
3,330,ATCTATCAGGCCGGTAGCACACCTTGTAATGGTGTTGAAGGTTTTAATTGTTACTTTCCTTTACAATCATATGTTTTCCAACCCACTTATGGTGTT,0.21126084312281934,4,W62004258
0,482,ATCTATCAGGCCGGTAGCACACCTTGTAATGGTGTTGAAGGTTTTAATTGTTACTTTCCTTTACAATCATATGCTTTCCAACCCACTTATGGTGTT,0.30856886783393617,1,W62004258
1,459,ATCTATCAGGCCGGTAGCACACCTTGTAATGGTGTTGAAGGTTTTAATTGTTACTTTCCTTTACAATCATATTGTTTCCAACCCACTTATGGTGTT,0.29384462725264876,2,W62004258
2,372,ATCTATCAGGCCGGTAGCACACCTTGTAATGGTGTTGAAGGTTTTAATTGTTACTTTCCTTTACAATCATATGGTTTACAACCCACTTATGGTGTT,0.23814858679299641,3,W62004258
3,330,ATCTATCAGGCCGGTAGCACACCTTGTAATGGTGTTGAAGGTTTTAATTGTTACTTTCCTTTACAATCATATGTTTTCCAACCCACTTATGGTGTT,0.21126084312281934,4,W62004258
0,178,ATCTATCAGGCCGGTAGCACACCTTGTAATGGTGTTGAAGGTTTTAATTGTTACTTTCCTTTACAATCATATGCTTTCCAACCCACTTATGGTGTT,0.30802775710800007,1,W62004314
1,149,ATCTATCAGGCCGGTAGCACACCTTGTAATGGTGTTGAAGGTTTTAATTGTTACTTTCCTTTACAATCATATTGTTTCCAACCCACTTATGGTGTT,0.2578434596016405,2,W62004314
2,105,ATCTATCAGGCCGGTAGCACACCTTGTAATGGTGTTGAAGGTTTTAATTGTTACTTTCCTTTACAATCATATGGTTTACAACCCACTTATGGTGTT,0.18170176683337083,3,W62004314
0,178,ATCTATCAGGCCGGTAGCACACCTTGTAATGGTGTTGAAGGTTTTAATTGTTACTTTCCTTTACAATCATATGCTTTCCAACCCACTTATGGTGTT,0.30802775710800007,1,W62004314
1,149,ATCTATCAGGCCGGTAGCACACCTTGTAATGGTGTTGAAGGTTTTAATTGTTACTTTCCTTTACAATCATATTGTTTCCAACCCACTTATGGTGTT,0.2578434596016405,2,W62004314
2,105,ATCTATCAGGCCGGTAGCACACCTTGTAATGGTGTTGAAGGTTTTAATTGTTACTTTCCTTTACAATCATATGGTTTACAACCCACTTATGGTGTT,0.18170176683337083,3,W62004314
0,178,ATCTATCAGGCCGGTAGCACACCTTGTAATGGTGTTGAAGGTTTTAATTGTTACTTTCCTTTACAATCATATGCTTTCCAACCCACTTATGGTGTT,0.30802775710800007,1,W62004314
1,149,ATCTATCAGGCCGGTAGCACACCTTGTAATGGTGTTGAAGGTTTTAATTGTTACTTTCCTTTACAATCATATTGTTTCCAACCCACTTATGGTGTT,0.2578434596016405,2,W62004314
2,105,ATCTATCAGGCCGGTAGCACACCTTGTAATGGTGTTGAAGGTTTTAATTGTTACTTTCCTTTACAATCATATGGTTTACAACCCACTTATGGTGTT,0.18170176683337083,3,W62004314
0,70,ATCTATCAGGCCGGTAGCACACCTTGTAATGGTGTTGAAGGTTTTAATTGTTACTTTCCTTTACAATCATATGGTTTACAACCCACTTATGGTGTT,0.18184179763605662,1,W62004348
0,734,ATCTATCAGGCCGGTAGCACACCTTGTAATGGTGTTGAAGGTTTTAATTGTTACTTTCCTTTACAATCATATGCTTTCCAACCCACTTATGGTGTT,0.29842614765995684,1,W62004394
1,637,ATCTATCAGGCCGGTAGCACACCTTGTAATGGTGTTGAAGGTTTTAATTGTTACTTTCCTTTACAATCATATTGTTTCCAACCCACTTATGGTGTT,0.2589883597539407,2,W62004394
2,601,ATCTATCAGGCCGGTAGCACACCTTGTAATGGTGTTGAAGGTTTTAATTGTTACTTTCCTTTACAATCATATGGTTTACAACCCACTTATGGTGTT,0.2443516549640791,3,W62004394
3,497,ATCTATCAGGCCGGTAGCACACCTTGTAATGGTGTTGAAGGTTTTAATTGTTACTTTCCTTTACAATCATATGTTTTCCAACCCACTTATGGTGTT,0.202067841126701,4,W62004394
0,734,ATCTATCAGGCCGGTAGCACACCTTGTAATGGTGTTGAAGGTTTTAATTGTTACTTTCCTTTACAATCATATGCTTTCCAACCCACTTATGGTGTT,0.29842614765995684,1,W62004394
1,637,ATCTATCAGGCCGGTAGCACACCTTGTAATGGTGTTGAAGGTTTTAATTGTTACTTTCCTTTACAATCATATTGTTTCCAACCCACTTATGGTGTT,0.2589883597539407,2,W62004394
2,601,ATCTATCAGGCCGGTAGCACACCTTGTAATGGTGTTGAAGGTTTTAATTGTTACTTTCCTTTACAATCATATGGTTTACAACCCACTTATGGTGTT,0.2443516549640791,3,W62004394
3,497,ATCTATCAGGCCGGTAGCACACCTTGTAATGGTGTTGAAGGTTTTAATTGTTACTTTCCTTTACAATCATATGTTTTCCAACCCACTTATGGTGTT,0.202067841126701,4,W62004394
0,734,ATCTATCAGGCCGGTAGCACACCTTGTAATGGTGTTGAAGGTTTTAATTGTTACTTTCCTTTACAATCATATGCTTTCCAACCCACTTATGGTGTT,0.29842614765995684,1,W62004394
1,637,ATCTATCAGGCCGGTAGCACACCTTGTAATGGTGTTGAAGGTTTTAATTGTTACTTTCCTTTACAATCATATTGTTTCCAACCCACTTATGGTGTT,0.2589883597539407,2,W62004394
2,601,ATCTATCAGGCCGGTAGCACACCTTGTAATGGTGTTGAAGGTTTTAATTGTTACTTTCCTTTACAATCATATGGTTTACAACCCACTTATGGTGTT,0.2443516549640791,3,W62004394
3,497,ATCTATCAGGCCGGTAGCACACCTTGTAATGGTGTTGAAGGTTTTAATTGTTACTTTCCTTTACAATCATATGTTTTCCAACCCACTTATGGTGTT,0.202067841126701,4,W62004394
0,734,ATCTATCAGGCCGGTAGCACACCTTGTAATGGTGTTGAAGGTTTTAATTGTTACTTTCCTTTACAATCATATGCTTTCCAACCCACTTATGGTGTT,0.29842614765995684,1,W62004394
1,637,ATCTATCAGGCCGGTAGCACACCTTGTAATGGTGTTGAAGGTTTTAATTGTTACTTTCCTTTACAATCATATTGTTTCCAACCCACTTATGGTGTT,0.2589883597539407,2,W62004394
2,601,ATCTATCAGGCCGGTAGCACACCTTGTAATGGTGTTGAAGGTTTTAATTGTTACTTTCCTTTACAATCATATGGTTTACAACCCACTTATGGTGTT,0.2443516549640791,3,W62004394
3,497,ATCTATCAGGCCGGTAGCACACCTTGTAATGGTGTTGAAGGTTTTAATTGTTACTTTCCTTTACAATCATATGTTTTCCAACCCACTTATGGTGTT,0.202067841126701,4,W62004394
0,377,ATCTATCAGGCCGGTAGCACACCTTGTAATGGTGTTGAAGGTTTTAATTGTTACTTTCCTTTACAATCATATTGTTTCCAACCCACTTATGGTGTT,0.23600703639015658,1,W62004428
1,347,ATCTATCAGGCCGGTAGCACACCTTGTAATGGTGTTGAAGGTTTTAATTGTTACTTTCCTTTACAATCATATGGTTTACAACCCACTTATGGTGTT,0.21722663561640404,2,W62004428
2,306,ATCTATCAGGCCGGTAGCACACCTTGTAATGGTGTTGAAGGTTTTAATTGTTACTTTCCTTTACAATCATATGCTTTCCAACCCACTTATGGTGTT,0.1915600878922756,3,W62004428
3,277,ATCTATCAGGCCGGTAGCACACCTTGTAATGGTGTTGAAGGTTTTAATTGTTACTTTCCTTTACAATCATATGGCTTCCAACCCACTTATGGTGTT,0.1734057004776482,4,W62004428
0,377,ATCTATCAGGCCGGTAGCACACCTTGTAATGGTGTTGAAGGTTTTAATTGTTACTTTCCTTTACAATCATATTGTTTCCAACCCACTTATGGTGTT,0.23600703639015658,1,W62004428
1,347,ATCTATCAGGCCGGTAGCACACCTTGTAATGGTGTTGAAGGTTTTAATTGTTACTTTCCTTTACAATCATATGGTTTACAACCCACTTATGGTGTT,0.21722663561640404,2,W62004428
2,306,ATCTATCAGGCCGGTAGCACACCTTGTAATGGTGTTGAAGGTTTTAATTGTTACTTTCCTTTACAATCATATGCTTTCCAACCCACTTATGGTGTT,0.1915600878922756,3,W62004428
3,277,ATCTATCAGGCCGGTAGCACACCTTGTAATGGTGTTGAAGGTTTTAATTGTTACTTTCCTTTACAATCATATGGCTTCCAACCCACTTATGGTGTT,0.1734057004776482,4,W62004428
0,377,ATCTATCAGGCCGGTAGCACACCTTGTAATGGTGTTGAAGGTTTTAATTGTTACTTTCCTTTACAATCATATTGTTTCCAACCCACTTATGGTGTT,0.23600703639015658,1,W62004428
1,347,ATCTATCAGGCCGGTAGCACACCTTGTAATGGTGTTGAAGGTTTTAATTGTTACTTTCCTTTACAATCATATGGTTTACAACCCACTTATGGTGTT,0.21722663561640404,2,W62004428
2,306,ATCTATCAGGCCGGTAGCACACCTTGTAATGGTGTTGAAGGTTTTAATTGTTACTTTCCTTTACAATCATATGCTTTCCAACCCACTTATGGTGTT,0.1915600878922756,3,W62004428
3,277,ATCTATCAGGCCGGTAGCACACCTTGTAATGGTGTTGAAGGTTTTAATTGTTACTTTCCTTTACAATCATATGGCTTCCAACCCACTTATGGTGTT,0.1734057004776482,4,W62004428
0,377,ATCTATCAGGCCGGTAGCACACCTTGTAATGGTGTTGAAGGTTTTAATTGTTACTTTCCTTTACAATCATATTGTTTCCAACCCACTTATGGTGTT,0.23600703639015658,1,W62004428
1,347,ATCTATCAGGCCGGTAGCACACCTTGTAATGGTGTTGAAGGTTTTAATTGTTACTTTCCTTTACAATCATATGGTTTACAACCCACTTATGGTGTT,0.21722663561640404,2,W62004428
2,306,ATCTATCAGGCCGGTAGCACACCTTGTAATGGTGTTGAAGGTTTTAATTGTTACTTTCCTTTACAATCATATGCTTTCCAACCCACTTATGGTGTT,0.1915600878922756,3,W62004428
3,277,ATCTATCAGGCCGGTAGCACACCTTGTAATGGTGTTGAAGGTTTTAATTGTTACTTTCCTTTACAATCATATGGCTTCCAACCCACTTATGGTGTT,0.1734057004776482,4,W62004428
0,416,ATCTATCAGGCCGGTAGCACACCTTGTAATGGTGTTGAAGGTTTTAATTGTTACTTTCCTTTACAATCATATTGTTTCCAACCCACTTATGGTGTT,0.31955262632314757,1,W62004495
1,313,ATCTATCAGGCCGGTAGCACACCTTGTAATGGTGTTGAAGGTTTTAATTGTTACTTTCCTTTACAATCATATGCTTTCCAACCCACTTATGGTGTT,0.24043262509409902,2,W62004495
2,254,ATCTATCAGGCCGGTAGCACACCTTGTAATGGTGTTGAAGGTTTTAATTGTTACTTTCCTTTACAATCATATGGTTTCCAACCCACTAATGGTGTT,0.19511145934153723,3,W62004495
3,233,ATCTATCAGGCCGGTAGCACACCTTGTAATGGTGTTGAAGGTTTTAATTGTTACTTTCCTTTACAATCATATGGTTTACAACCCACTTATGGTGTT,0.1789801969550322,4,W62004495
0,416,ATCTATCAGGCCGGTAGCACACCTTGTAATGGTGTTGAAGGTTTTAATTGTTACTTTCCTTTACAATCATATTGTTTCCAACCCACTTATGGTGTT,0.31955262632314757,1,W62004495
1,313,ATCTATCAGGCCGGTAGCACACCTTGTAATGGTGTTGAAGGTTTTAATTGTTACTTTCCTTTACAATCATATGCTTTCCAACCCACTTATGGTGTT,0.24043262509409902,2,W62004495
2,254,ATCTATCAGGCCGGTAGCACACCTTGTAATGGTGTTGAAGGTTTTAATTGTTACTTTCCTTTACAATCATATGGTTTCCAACCCACTAATGGTGTT,0.19511145934153723,3,W62004495
3,233,ATCTATCAGGCCGGTAGCACACCTTGTAATGGTGTTGAAGGTTTTAATTGTTACTTTCCTTTACAATCATATGGTTTACAACCCACTTATGGTGTT,0.1789801969550322,4,W62004495
0,416,ATCTATCAGGCCGGTAGCACACCTTGTAATGGTGTTGAAGGTTTTAATTGTTACTTTCCTTTACAATCATATTGTTTCCAACCCACTTATGGTGTT,0.31955262632314757,1,W62004495
1,313,ATCTATCAGGCCGGTAGCACACCTTGTAATGGTGTTGAAGGTTTTAATTGTTACTTTCCTTTACAATCATATGCTTTCCAACCCACTTATGGTGTT,0.24043262509409902,2,W62004495
2,254,ATCTATCAGGCCGGTAGCACACCTTGTAATGGTGTTGAAGGTTTTAATTGTTACTTTCCTTTACAATCATATGGTTTCCAACCCACTAATGGTGTT,0.19511145934153723,3,W62004495
3,233,ATCTATCAGGCCGGTAGCACACCTTGTAATGGTGTTGAAGGTTTTAATTGTTACTTTCCTTTACAATCATATGGTTTACAACCCACTTATGGTGTT,0.1789801969550322,4,W62004495
0,416,ATCTATCAGGCCGGTAGCACACCTTGTAATGGTGTTGAAGGTTTTAATTGTTACTTTCCTTTACAATCATATTGTTTCCAACCCACTTATGGTGTT,0.31955262632314757,1,W62004495
1,313,ATCTATCAGGCCGGTAGCACACCTTGTAATGGTGTTGAAGGTTTTAATTGTTACTTTCCTTTACAATCATATGCTTTCCAACCCACTTATGGTGTT,0.24043262509409902,2,W62004495
2,254,ATCTATCAGGCCGGTAGCACACCTTGTAATGGTGTTGAAGGTTTTAATTGTTACTTTCCTTTACAATCATATGGTTTCCAACCCACTAATGGTGTT,0.19511145934153723,3,W62004495
3,233,ATCTATCAGGCCGGTAGCACACCTTGTAATGGTGTTGAAGGTTTTAATTGTTACTTTCCTTTACAATCATATGGTTTACAACCCACTTATGGTGTT,0.1789801969550322,4,W62004495
0,4568,ATCTATCAGGCCGGTAGCACACCTTGTAATGGTGTTGAAGGTTTTAATTGTTACTTTCCTTTACAATCATATGGTTTCCAACCCACTTATGGTATT,3.587331254859153,1,W62004986
1,376,ATCTATCAGGCCGGTAGCACACCTTGTAATGGTGTTGAAGGTTTTAATTGTTACTTTCCTTTACAATCATATGCTTTCCAACCCACTTATGGTGTT,0.2952794553036431,2,W62004986
2,298,ATCTATCAGGCCGGTAGCACACCTTGTAATGGTGTTGAAGGTTTTAATTGTTACTTTCCTTTACAATCATATTGTTTCCAACCCACTTATGGTGTT,0.23402467468214266,3,W62004986
3,290,ATCTATCAGGCCGGTAGCACACCTTGTAATGGTGTTGAAGGTTTTAATTGTTACTTTCCTTTACAATCATATGGTTTACAACCCACTTATGGTGTT,0.2277421330799375,4,W62004986
0,4568,ATCTATCAGGCCGGTAGCACACCTTGTAATGGTGTTGAAGGTTTTAATTGTTACTTTCCTTTACAATCATATGGTTTCCAACCCACTTATGGTATT,3.587331254859153,1,W62004986
1,376,ATCTATCAGGCCGGTAGCACACCTTGTAATGGTGTTGAAGGTTTTAATTGTTACTTTCCTTTACAATCATATGCTTTCCAACCCACTTATGGTGTT,0.2952794553036431,2,W62004986
2,298,ATCTATCAGGCCGGTAGCACACCTTGTAATGGTGTTGAAGGTTTTAATTGTTACTTTCCTTTACAATCATATTGTTTCCAACCCACTTATGGTGTT,0.23402467468214266,3,W62004986
3,290,ATCTATCAGGCCGGTAGCACACCTTGTAATGGTGTTGAAGGTTTTAATTGTTACTTTCCTTTACAATCATATGGTTTACAACCCACTTATGGTGTT,0.2277421330799375,4,W62004986
0,4568,ATCTATCAGGCCGGTAGCACACCTTGTAATGGTGTTGAAGGTTTTAATTGTTACTTTCCTTTACAATCATATGGTTTCCAACCCACTTATGGTATT,3.587331254859153,1,W62004986
1,376,ATCTATCAGGCCGGTAGCACACCTTGTAATGGTGTTGAAGGTTTTAATTGTTACTTTCCTTTACAATCATATGCTTTCCAACCCACTTATGGTGTT,0.2952794553036431,2,W62004986
2,298,ATCTATCAGGCCGGTAGCACACCTTGTAATGGTGTTGAAGGTTTTAATTGTTACTTTCCTTTACAATCATATTGTTTCCAACCCACTTATGGTGTT,0.23402467468214266,3,W62004986
3,290,ATCTATCAGGCCGGTAGCACACCTTGTAATGGTGTTGAAGGTTTTAATTGTTACTTTCCTTTACAATCATATGGTTTACAACCCACTTATGGTGTT,0.2277421330799375,4,W62004986
0,4568,ATCTATCAGGCCGGTAGCACACCTTGTAATGGTGTTGAAGGTTTTAATTGTTACTTTCCTTTACAATCATATGGTTTCCAACCCACTTATGGTATT,3.587331254859153,1,W62004986
1,376,ATCTATCAGGCCGGTAGCACACCTTGTAATGGTGTTGAAGGTTTTAATTGTTACTTTCCTTTACAATCATATGCTTTCCAACCCACTTATGGTGTT,0.2952794553036431,2,W62004986
2,298,ATCTATCAGGCCGGTAGCACACCTTGTAATGGTGTTGAAGGTTTTAATTGTTACTTTCCTTTACAATCATATTGTTTCCAACCCACTTATGGTGTT,0.23402467468214266,3,W62004986
3,290,ATCTATCAGGCCGGTAGCACACCTTGTAATGGTGTTGAAGGTTTTAATTGTTACTTTCCTTTACAATCATATGGTTTACAACCCACTTATGGTGTT,0.2277421330799375,4,W62004986
0,4605,ATCTATCAGGCCGGTAGCACACCTTGTAATGGTGTTGAAGGTTTTAATTGTTATTTTCCTTTACAATCATATGGTTTCCAACCCACTTATGGTGTT,10.17072685911169,1,W62005079
1,87,ATCTATCAGGCCGGTAGCACACCTTGTAATGGTGTTGAAGGTTTTAATTGTTACTTTCCTTTACAATCATATGGTTTACAACCCACTTATGGTGTT,0.19215054000927623,2,W62005079
0,4605,ATCTATCAGGCCGGTAGCACACCTTGTAATGGTGTTGAAGGTTTTAATTGTTATTTTCCTTTACAATCATATGGTTTCCAACCCACTTATGGTGTT,10.17072685911169,1,W62005079
1,87,ATCTATCAGGCCGGTAGCACACCTTGTAATGGTGTTGAAGGTTTTAATTGTTACTTTCCTTTACAATCATATGGTTTACAACCCACTTATGGTGTT,0.19215054000927623,2,W62005079
0,241,ATCTATCAGGCCGGTAGCACACCTTGTAATGGTGTTGAAGGTTTTAATTGTTACTTTCCTTTACAATCATATGCTTTCCAACCCACTTATGGTGTT,0.21366763600255337,1,W62100237
1,217,ATCTATCAGGCCGGTAGCACACCTTGTAATGGTGTTGAAGGTTTTAATTGTTACTTTCCTTTACAATCATATTGTTTCCAACCCACTTATGGTGTT,0.19238953117242358,2,W62100237
0,241,ATCTATCAGGCCGGTAGCACACCTTGTAATGGTGTTGAAGGTTTTAATTGTTACTTTCCTTTACAATCATATGCTTTCCAACCCACTTATGGTGTT,0.21366763600255337,1,W62100237
1,217,ATCTATCAGGCCGGTAGCACACCTTGTAATGGTGTTGAAGGTTTTAATTGTTACTTTCCTTTACAATCATATTGTTTCCAACCCACTTATGGTGTT,0.19238953117242358,2,W62100237
0,471,ATCTATCAGGCCGGTAGCACACCTTGTAATGGTGTTGAAGGTTTTAATTGTTACTTTCCTTTACAATCATATGGTTTACAACCCACTTATGGTGTT,0.2225445679753169,1,W62100962
0,983,ATCTATCAGGCTGGTAGCACACCTTGTAATGGTGTTGAAGGTTTTAATTGTTACTTTCCTTTACAATCATATGGTTTCCAACCCACTTATGGTGTT,0.44961601968613785,1,W62101403
1,401,ATCTATCAGGCCGGTAGCACACCTTGTAATGGTGTTGAAGGTTTTAATTGTTACTTTCCTTTACAATCATATGCTTTCCAACCCACTTATGGTGTT,0.1834140629645384,2,W62101403
0,983,ATCTATCAGGCTGGTAGCACACCTTGTAATGGTGTTGAAGGTTTTAATTGTTACTTTCCTTTACAATCATATGGTTTCCAACCCACTTATGGTGTT,0.44961601968613785,1,W62101403
1,401,ATCTATCAGGCCGGTAGCACACCTTGTAATGGTGTTGAAGGTTTTAATTGTTACTTTCCTTTACAATCATATGCTTTCCAACCCACTTATGGTGTT,0.1834140629645384,2,W62101403
0,533,ATCTATCAGGCCGGTAGCACACCTTGTAATGGTGTTGAAGGTTTTAATTGTTACTTTCCTTTACAATCATATGCTTTCCAACCCACTTATGGTGTT,0.20705301023222566,1,W62101689
1,449,ATCTATCAGGCCGGTAGCACACCTTGTAATGGTGTTGAAGGTTTTAATTGTTACTTTCCTTTACAATCATATTGTTTCCAACCCACTTATGGTGTT,0.17442176659337585,2,W62101689
0,533,ATCTATCAGGCCGGTAGCACACCTTGTAATGGTGTTGAAGGTTTTAATTGTTACTTTCCTTTACAATCATATGCTTTCCAACCCACTTATGGTGTT,0.20705301023222566,1,W62101689
1,449,ATCTATCAGGCCGGTAGCACACCTTGTAATGGTGTTGAAGGTTTTAATTGTTACTTTCCTTTACAATCATATTGTTTCCAACCCACTTATGGTGTT,0.17442176659337585,2,W62101689
0,451,ATCTATCAGGCCGGTAGCACACCTTGTAATGGTGTTGAAGGTTTTAATTGTTACTTTCCTTTACAATCATATGCTTTCCAACCCACTTATGGTGTT,0.2038021988946781,1,W62102008
1,427,ATCTATCAGGCCGGTAGCACACCTTGTAATGGTGTTGAAGGTTTTAATTGTTACTTTCCTTTACAATCATATTGTTTCCAACCCACTTATGGTGTT,0.19295684906436264,2,W62102008
0,451,ATCTATCAGGCCGGTAGCACACCTTGTAATGGTGTTGAAGGTTTTAATTGTTACTTTCCTTTACAATCATATGCTTTCCAACCCACTTATGGTGTT,0.2038021988946781,1,W62102008
1,427,ATCTATCAGGCCGGTAGCACACCTTGTAATGGTGTTGAAGGTTTTAATTGTTACTTTCCTTTACAATCATATTGTTTCCAACCCACTTATGGTGTT,0.19295684906436264,2,W62102008
0,102,ATCTATCAGGCCGGTAGCACACCTTGTAATGGTGTTGAAGGTTTTAATTGTTACTTTCCTTTACAATCATATGCTTTCCAACCCACTTATGGTGTT,0.21689206430211788,1,W62102075
0,488,ATCTATCAGGCCGGTAGCACACCTTGTAATGGTGTTGAAGGTTTTAATTGTTACTTTCCTTTACAATCATATGCTTTCCAACCCACTTATGGTGTT,0.25587114161523905,1,W62102082
1,473,ATCTATCAGGCCGGTAGCACACCTTGTAATGGTGTTGAAGGTTTTAATTGTTACTTTCCTTTACAATCATATTGTTTCCAACCCACTTATGGTGTT,0.24800624996722961,2,W62102082
2,352,ATCTATCAGGCCGGTAGCACACCTTGTAATGGTGTTGAAGGTTTTAATTGTTACTTTCCTTTACAATCATATGGTTTACAACCCACTTATGGTGTT,0.18456279067328715,3,W62102082
0,488,ATCTATCAGGCCGGTAGCACACCTTGTAATGGTGTTGAAGGTTTTAATTGTTACTTTCCTTTACAATCATATGCTTTCCAACCCACTTATGGTGTT,0.25587114161523905,1,W62102082
1,473,ATCTATCAGGCCGGTAGCACACCTTGTAATGGTGTTGAAGGTTTTAATTGTTACTTTCCTTTACAATCATATTGTTTCCAACCCACTTATGGTGTT,0.24800624996722961,2,W62102082
2,352,ATCTATCAGGCCGGTAGCACACCTTGTAATGGTGTTGAAGGTTTTAATTGTTACTTTCCTTTACAATCATATGGTTTACAACCCACTTATGGTGTT,0.18456279067328715,3,W62102082
0,488,ATCTATCAGGCCGGTAGCACACCTTGTAATGGTGTTGAAGGTTTTAATTGTTACTTTCCTTTACAATCATATGCTTTCCAACCCACTTATGGTGTT,0.25587114161523905,1,W62102082
1,473,ATCTATCAGGCCGGTAGCACACCTTGTAATGGTGTTGAAGGTTTTAATTGTTACTTTCCTTTACAATCATATTGTTTCCAACCCACTTATGGTGTT,0.24800624996722961,2,W62102082
2,352,ATCTATCAGGCCGGTAGCACACCTTGTAATGGTGTTGAAGGTTTTAATTGTTACTTTCCTTTACAATCATATGGTTTACAACCCACTTATGGTGTT,0.18456279067328715,3,W62102082
0,236,ATCTATCAGGCCGGTAGCACACCTTGTAATGGTGTTGAAGGTTTTAATTGTTACTTTCCTTTACAATCATATGCTTTCCAACCCACTTATGGTGTT,0.2466761434902584,1,W62102086
1,201,ATCTATCAGGCCGGTAGCACACCTTGTAATGGTGTTGAAGGTTTTAATTGTTACTTTCCTTTACAATCATATTGTTTCCAACCCACTTATGGTGTT,0.2100928171251777,2,W62102086
2,177,ATCTATCAGGCCGGTAGCACACCTTGTAATGGTGTTGAAGGTTTTAATTGTTACTTTCCTTTACAATCATATGGTTTACAACCCACTTATGGTGTT,0.1850071076176938,3,W62102086
0,236,ATCTATCAGGCCGGTAGCACACCTTGTAATGGTGTTGAAGGTTTTAATTGTTACTTTCCTTTACAATCATATGCTTTCCAACCCACTTATGGTGTT,0.2466761434902584,1,W62102086
1,201,ATCTATCAGGCCGGTAGCACACCTTGTAATGGTGTTGAAGGTTTTAATTGTTACTTTCCTTTACAATCATATTGTTTCCAACCCACTTATGGTGTT,0.2100928171251777,2,W62102086
2,177,ATCTATCAGGCCGGTAGCACACCTTGTAATGGTGTTGAAGGTTTTAATTGTTACTTTCCTTTACAATCATATGGTTTACAACCCACTTATGGTGTT,0.1850071076176938,3,W62102086
0,236,ATCTATCAGGCCGGTAGCACACCTTGTAATGGTGTTGAAGGTTTTAATTGTTACTTTCCTTTACAATCATATGCTTTCCAACCCACTTATGGTGTT,0.2466761434902584,1,W62102086
1,201,ATCTATCAGGCCGGTAGCACACCTTGTAATGGTGTTGAAGGTTTTAATTGTTACTTTCCTTTACAATCATATTGTTTCCAACCCACTTATGGTGTT,0.2100928171251777,2,W62102086
2,177,ATCTATCAGGCCGGTAGCACACCTTGTAATGGTGTTGAAGGTTTTAATTGTTACTTTCCTTTACAATCATATGGTTTACAACCCACTTATGGTGTT,0.1850071076176938,3,W62102086
0,235,ATCTATCAGGCCGGTAGCACACCTTGTAATGGTGTTGAAGGTTTTAATTGTTACTTTCCTTTACAATCATATGCTTTCCAACCCACTTATGGTGTT,0.22482444559248416,1,W62102126
0,690,ATCTATCAGGCCGGTAGCACACCTTGTAATGGTGTTGAAGGTTTTAATTGTTACTTTCCTTTACAATCATATTGTTTCCAACCCACTTATGGTGTT,0.31495344166514516,1,W62102146
1,688,ATCTATCAGGCCGGTAGCACACCTTGTAATGGTGTTGAAGGTTTTAATTGTTACTTTCCTTTACAATCATATGCTTTCCAACCCACTTATGGTGTT,0.31404053313857955,2,W62102146
2,411,ATCTATCAGGCCGGTAGCACACCTTGTAATGGTGTTGAAGGTTTTAATTGTTACTTTCCTTTACAATCATATGGTTTACAACCCACTTATGGTGTT,0.18760270220923864,3,W62102146
0,690,ATCTATCAGGCCGGTAGCACACCTTGTAATGGTGTTGAAGGTTTTAATTGTTACTTTCCTTTACAATCATATTGTTTCCAACCCACTTATGGTGTT,0.31495344166514516,1,W62102146
1,688,ATCTATCAGGCCGGTAGCACACCTTGTAATGGTGTTGAAGGTTTTAATTGTTACTTTCCTTTACAATCATATGCTTTCCAACCCACTTATGGTGTT,0.31404053313857955,2,W62102146
2,411,ATCTATCAGGCCGGTAGCACACCTTGTAATGGTGTTGAAGGTTTTAATTGTTACTTTCCTTTACAATCATATGGTTTACAACCCACTTATGGTGTT,0.18760270220923864,3,W62102146
0,690,ATCTATCAGGCCGGTAGCACACCTTGTAATGGTGTTGAAGGTTTTAATTGTTACTTTCCTTTACAATCATATTGTTTCCAACCCACTTATGGTGTT,0.31495344166514516,1,W62102146
1,688,ATCTATCAGGCCGGTAGCACACCTTGTAATGGTGTTGAAGGTTTTAATTGTTACTTTCCTTTACAATCATATGCTTTCCAACCCACTTATGGTGTT,0.31404053313857955,2,W62102146
2,411,ATCTATCAGGCCGGTAGCACACCTTGTAATGGTGTTGAAGGTTTTAATTGTTACTTTCCTTTACAATCATATGGTTTACAACCCACTTATGGTGTT,0.18760270220923864,3,W62102146
0,246,ATCTATCAGGCCGGTAGCACACCTTGTAATGGTGTTGAAGGTTTTAATTGTTACTTTCCTTTACAATCATATGGTTTACAACCCACTTATGGTGTT,0.40873292792343735,1,W62102147
1,196,ATCTATCAGGCCGGTAGCACACCTTGTAATGGTGTTGAAGGTTTTAATTGTTACTTTCCTTTACAATCATATTGTTTCCAACCCACTTATGGTGTT,0.32565712956501514,2,W62102147
2,111,ATCTATCAGGCCGGTAGCACACCTTGTAATGGTGTTGAAGGTTTTAATTGTTACTTTCCTTTACAATCATATGGCTTCCAACCCACTTATGGTGTT,0.18442827235569734,3,W62102147
3,109,ATCTATCAGGCCGGTAGCACACCTTGTAATGGTGTTGAAGGTTTTAATTGTTACTTTCCTTTACAATCATATGCTTTCCAACCCACTTATGGTGTT,0.18110524042136045,4,W62102147
0,246,ATCTATCAGGCCGGTAGCACACCTTGTAATGGTGTTGAAGGTTTTAATTGTTACTTTCCTTTACAATCATATGGTTTACAACCCACTTATGGTGTT,0.40873292792343735,1,W62102147
1,196,ATCTATCAGGCCGGTAGCACACCTTGTAATGGTGTTGAAGGTTTTAATTGTTACTTTCCTTTACAATCATATTGTTTCCAACCCACTTATGGTGTT,0.32565712956501514,2,W62102147
2,111,ATCTATCAGGCCGGTAGCACACCTTGTAATGGTGTTGAAGGTTTTAATTGTTACTTTCCTTTACAATCATATGGCTTCCAACCCACTTATGGTGTT,0.18442827235569734,3,W62102147
3,109,ATCTATCAGGCCGGTAGCACACCTTGTAATGGTGTTGAAGGTTTTAATTGTTACTTTCCTTTACAATCATATGCTTTCCAACCCACTTATGGTGTT,0.18110524042136045,4,W62102147
0,246,ATCTATCAGGCCGGTAGCACACCTTGTAATGGTGTTGAAGGTTTTAATTGTTACTTTCCTTTACAATCATATGGTTTACAACCCACTTATGGTGTT,0.40873292792343735,1,W62102147
1,196,ATCTATCAGGCCGGTAGCACACCTTGTAATGGTGTTGAAGGTTTTAATTGTTACTTTCCTTTACAATCATATTGTTTCCAACCCACTTATGGTGTT,0.32565712956501514,2,W62102147
2,111,ATCTATCAGGCCGGTAGCACACCTTGTAATGGTGTTGAAGGTTTTAATTGTTACTTTCCTTTACAATCATATGGCTTCCAACCCACTTATGGTGTT,0.18442827235569734,3,W62102147
3,109,ATCTATCAGGCCGGTAGCACACCTTGTAATGGTGTTGAAGGTTTTAATTGTTACTTTCCTTTACAATCATATGCTTTCCAACCCACTTATGGTGTT,0.18110524042136045,4,W62102147
0,246,ATCTATCAGGCCGGTAGCACACCTTGTAATGGTGTTGAAGGTTTTAATTGTTACTTTCCTTTACAATCATATGGTTTACAACCCACTTATGGTGTT,0.40873292792343735,1,W62102147
1,196,ATCTATCAGGCCGGTAGCACACCTTGTAATGGTGTTGAAGGTTTTAATTGTTACTTTCCTTTACAATCATATTGTTTCCAACCCACTTATGGTGTT,0.32565712956501514,2,W62102147
2,111,ATCTATCAGGCCGGTAGCACACCTTGTAATGGTGTTGAAGGTTTTAATTGTTACTTTCCTTTACAATCATATGGCTTCCAACCCACTTATGGTGTT,0.18442827235569734,3,W62102147
3,109,ATCTATCAGGCCGGTAGCACACCTTGTAATGGTGTTGAAGGTTTTAATTGTTACTTTCCTTTACAATCATATGCTTTCCAACCCACTTATGGTGTT,0.18110524042136045,4,W62102147
0,280,ATCTATCAGGCCGGTAGCACACCTTGTAATGGTGTTGAAGGTTTTAATTGTTACTTTCCTTTACAATCATATGCTTTCCAACCCACTTATGGTGTT,0.30766864087377893,1,W62102191
1,230,ATCTATCAGGCCGGTAGCACACCTTGTAATGGTGTTGAAGGTTTTAATTGTTACTTTCCTTTACAATCATATTGTTTCCAACCCACTTATGGTGTT,0.2527278121463184,2,W62102191
2,186,ATCTATCAGGCCGGTAGCACACCTTGTAATGGTGTTGAAGGTTTTAATTGTTACTTTCCTTTACAATCATATGTTTTCCAACCCACTTATGGTGTT,0.20437988286615316,3,W62102191
3,185,ATCTATCAGGCCGGTAGCACACCTTGTAATGGTGTTGAAGGTTTTAATTGTTACTTTCCTTTACAATCATATGGTTTACAACCCACTTATGGTGTT,0.20328106629160392,4,W62102191
0,280,ATCTATCAGGCCGGTAGCACACCTTGTAATGGTGTTGAAGGTTTTAATTGTTACTTTCCTTTACAATCATATGCTTTCCAACCCACTTATGGTGTT,0.30766864087377893,1,W62102191
1,230,ATCTATCAGGCCGGTAGCACACCTTGTAATGGTGTTGAAGGTTTTAATTGTTACTTTCCTTTACAATCATATTGTTTCCAACCCACTTATGGTGTT,0.2527278121463184,2,W62102191
2,186,ATCTATCAGGCCGGTAGCACACCTTGTAATGGTGTTGAAGGTTTTAATTGTTACTTTCCTTTACAATCATATGTTTTCCAACCCACTTATGGTGTT,0.20437988286615316,3,W62102191
3,185,ATCTATCAGGCCGGTAGCACACCTTGTAATGGTGTTGAAGGTTTTAATTGTTACTTTCCTTTACAATCATATGGTTTACAACCCACTTATGGTGTT,0.20328106629160392,4,W62102191
0,280,ATCTATCAGGCCGGTAGCACACCTTGTAATGGTGTTGAAGGTTTTAATTGTTACTTTCCTTTACAATCATATGCTTTCCAACCCACTTATGGTGTT,0.30766864087377893,1,W62102191
1,230,ATCTATCAGGCCGGTAGCACACCTTGTAATGGTGTTGAAGGTTTTAATTGTTACTTTCCTTTACAATCATATTGTTTCCAACCCACTTATGGTGTT,0.2527278121463184,2,W62102191
2,186,ATCTATCAGGCCGGTAGCACACCTTGTAATGGTGTTGAAGGTTTTAATTGTTACTTTCCTTTACAATCATATGTTTTCCAACCCACTTATGGTGTT,0.20437988286615316,3,W62102191
3,185,ATCTATCAGGCCGGTAGCACACCTTGTAATGGTGTTGAAGGTTTTAATTGTTACTTTCCTTTACAATCATATGGTTTACAACCCACTTATGGTGTT,0.20328106629160392,4,W62102191
0,280,ATCTATCAGGCCGGTAGCACACCTTGTAATGGTGTTGAAGGTTTTAATTGTTACTTTCCTTTACAATCATATGCTTTCCAACCCACTTATGGTGTT,0.30766864087377893,1,W62102191
1,230,ATCTATCAGGCCGGTAGCACACCTTGTAATGGTGTTGAAGGTTTTAATTGTTACTTTCCTTTACAATCATATTGTTTCCAACCCACTTATGGTGTT,0.2527278121463184,2,W62102191
2,186,ATCTATCAGGCCGGTAGCACACCTTGTAATGGTGTTGAAGGTTTTAATTGTTACTTTCCTTTACAATCATATGTTTTCCAACCCACTTATGGTGTT,0.20437988286615316,3,W62102191
3,185,ATCTATCAGGCCGGTAGCACACCTTGTAATGGTGTTGAAGGTTTTAATTGTTACTTTCCTTTACAATCATATGGTTTACAACCCACTTATGGTGTT,0.20328106629160392,4,W62102191
0,390,ATCTATCAGGCCGGTAGCACACCTTGTAATGGTGTTGAAGGTTTTAATTGTTACTTTCCTTTACAATCATATGCTTTCCAACCCACTTATGGTGTT,0.2907410168480692,1,W62102193
1,352,ATCTATCAGGCCGGTAGCACACCTTGTAATGGTGTTGAAGGTTTTAATTGTTACTTTCCTTTACAATCATATTGTTTCCAACCCACTTATGGTGTT,0.2624124049500522,2,W62102193
2,343,ATCTATCAGGCCGGTAGCACACCTTGTAATGGTGTTGAAGGTTTTAATTGTTACTTTCCTTTACAATCATATGGTTTACAACCCACTTATGGTGTT,0.2557029968689429,3,W62102193
3,234,ATCTATCAGGCCGGTAGCACACCTTGTAATGGTGTTGAAGGTTTTAATTGTTACTTTCCTTTACAATCATATGTTTTCCAACCCACTTATGGTGTT,0.17444461010884152,4,W62102193
0,390,ATCTATCAGGCCGGTAGCACACCTTGTAATGGTGTTGAAGGTTTTAATTGTTACTTTCCTTTACAATCATATGCTTTCCAACCCACTTATGGTGTT,0.2907410168480692,1,W62102193
1,352,ATCTATCAGGCCGGTAGCACACCTTGTAATGGTGTTGAAGGTTTTAATTGTTACTTTCCTTTACAATCATATTGTTTCCAACCCACTTATGGTGTT,0.2624124049500522,2,W62102193
2,343,ATCTATCAGGCCGGTAGCACACCTTGTAATGGTGTTGAAGGTTTTAATTGTTACTTTCCTTTACAATCATATGGTTTACAACCCACTTATGGTGTT,0.2557029968689429,3,W62102193
3,234,ATCTATCAGGCCGGTAGCACACCTTGTAATGGTGTTGAAGGTTTTAATTGTTACTTTCCTTTACAATCATATGTTTTCCAACCCACTTATGGTGTT,0.17444461010884152,4,W62102193
0,390,ATCTATCAGGCCGGTAGCACACCTTGTAATGGTGTTGAAGGTTTTAATTGTTACTTTCCTTTACAATCATATGCTTTCCAACCCACTTATGGTGTT,0.2907410168480692,1,W62102193
1,352,ATCTATCAGGCCGGTAGCACACCTTGTAATGGTGTTGAAGGTTTTAATTGTTACTTTCCTTTACAATCATATTGTTTCCAACCCACTTATGGTGTT,0.2624124049500522,2,W62102193
2,343,ATCTATCAGGCCGGTAGCACACCTTGTAATGGTGTTGAAGGTTTTAATTGTTACTTTCCTTTACAATCATATGGTTTACAACCCACTTATGGTGTT,0.2557029968689429,3,W62102193
3,234,ATCTATCAGGCCGGTAGCACACCTTGTAATGGTGTTGAAGGTTTTAATTGTTACTTTCCTTTACAATCATATGTTTTCCAACCCACTTATGGTGTT,0.17444461010884152,4,W62102193
0,390,ATCTATCAGGCCGGTAGCACACCTTGTAATGGTGTTGAAGGTTTTAATTGTTACTTTCCTTTACAATCATATGCTTTCCAACCCACTTATGGTGTT,0.2907410168480692,1,W62102193
1,352,ATCTATCAGGCCGGTAGCACACCTTGTAATGGTGTTGAAGGTTTTAATTGTTACTTTCCTTTACAATCATATTGTTTCCAACCCACTTATGGTGTT,0.2624124049500522,2,W62102193
2,343,ATCTATCAGGCCGGTAGCACACCTTGTAATGGTGTTGAAGGTTTTAATTGTTACTTTCCTTTACAATCATATGGTTTACAACCCACTTATGGTGTT,0.2557029968689429,3,W62102193
3,234,ATCTATCAGGCCGGTAGCACACCTTGTAATGGTGTTGAAGGTTTTAATTGTTACTTTCCTTTACAATCATATGTTTTCCAACCCACTTATGGTGTT,0.17444461010884152,4,W62102193
0,379,ATCTATCAGGCCGGTAGCACACCTTGTAATGGTGTTGAAGGTTTTAATTGTTACTTTCCTTTACAATCATATGGCTTCCAACCCACTTATGGTGTT,0.18319976024516865,1,W62102294
0,393,ATCTATCAGGCCGGTAGCACACCTTGTAATGGTGTTGAAGGTTTTAATTGTTACTTTCCTTTACAATCATATGGTTTACAACCCACTTATGGTGTT,0.17948647685857563,1,W62102321
0,474,ATCTATCAGGCCGGTAGCACACCTTGTAATGGTGTTGAAGGTTTTAATTGTTACTTTCCTTTACAATCATATGGTTTACAACCCACTTATGGTGTT,0.188488670796981,1,W62102402
0,216,ATCTATCAGGCCGGTAGCACACCTTGTAATGGTGTTGAAGGTTTTAATTGTTACTTTCCTTTACAATCATATGCTTTCCAACCCACTTATGGTGTT,0.3593113199700574,1,W62103271
1,194,ATCTATCAGGCCGGTAGCACACCTTGTAATGGTGTTGAAGGTTTTAATTGTTACTTTCCTTTACAATCATATTGTTTCCAACCCACTTATGGTGTT,0.32271479663977376,2,W62103271
2,164,ATCTATCAGGCCGGTAGCACACCTTGTAATGGTGTTGAAGGTTTTAATTGTTACTTTCCTTTACAATCATATGGTTTACAACCCACTTATGGTGTT,0.27281044664393245,3,W62103271
0,216,ATCTATCAGGCCGGTAGCACACCTTGTAATGGTGTTGAAGGTTTTAATTGTTACTTTCCTTTACAATCATATGCTTTCCAACCCACTTATGGTGTT,0.3593113199700574,1,W62103271
1,194,ATCTATCAGGCCGGTAGCACACCTTGTAATGGTGTTGAAGGTTTTAATTGTTACTTTCCTTTACAATCATATTGTTTCCAACCCACTTATGGTGTT,0.32271479663977376,2,W62103271
2,164,ATCTATCAGGCCGGTAGCACACCTTGTAATGGTGTTGAAGGTTTTAATTGTTACTTTCCTTTACAATCATATGGTTTACAACCCACTTATGGTGTT,0.27281044664393245,3,W62103271
0,216,ATCTATCAGGCCGGTAGCACACCTTGTAATGGTGTTGAAGGTTTTAATTGTTACTTTCCTTTACAATCATATGCTTTCCAACCCACTTATGGTGTT,0.3593113199700574,1,W62103271
1,194,ATCTATCAGGCCGGTAGCACACCTTGTAATGGTGTTGAAGGTTTTAATTGTTACTTTCCTTTACAATCATATTGTTTCCAACCCACTTATGGTGTT,0.32271479663977376,2,W62103271
2,164,ATCTATCAGGCCGGTAGCACACCTTGTAATGGTGTTGAAGGTTTTAATTGTTACTTTCCTTTACAATCATATGGTTTACAACCCACTTATGGTGTT,0.27281044664393245,3,W62103271
0,712,ATCTATCAGGCCGGTAGCACACCTTGTAATGGTGTTGAAGGTTTTAATTGTTACTTTCCTTTACAATCATATGCTTTCCAACCCACTTATGGTGTT,0.1792611018515255,1,W62103281
0,446,ATCTATCAGGCCGGTAGCACACCTTGTAATGGTGTTGAAGGTTTTAATTGTTACTTTCCTTTACAATCATATTGTTTCCAACCCACTTATGGTGTT,0.3200298503178772,1,W62201336
1,439,ATCTATCAGGCCGGTAGCACACCTTGTAATGGTGTTGAAGGTTTTAATTGTTACTTTCCTTTACAATCATATGCTTTCCAACCCACTTATGGTGTT,0.31500696029046654,2,W62201336
2,394,ATCTATCAGGCCGGTAGCACACCTTGTAATGGTGTTGAAGGTTTTAATTGTTACTTTCCTTTACAATCATATGGTTTACAACCCACTTATGGTGTT,0.28271695297139826,3,W62201336
0,446,ATCTATCAGGCCGGTAGCACACCTTGTAATGGTGTTGAAGGTTTTAATTGTTACTTTCCTTTACAATCATATTGTTTCCAACCCACTTATGGTGTT,0.3200298503178772,1,W62201336
1,439,ATCTATCAGGCCGGTAGCACACCTTGTAATGGTGTTGAAGGTTTTAATTGTTACTTTCCTTTACAATCATATGCTTTCCAACCCACTTATGGTGTT,0.31500696029046654,2,W62201336
2,394,ATCTATCAGGCCGGTAGCACACCTTGTAATGGTGTTGAAGGTTTTAATTGTTACTTTCCTTTACAATCATATGGTTTACAACCCACTTATGGTGTT,0.28271695297139826,3,W62201336
0,446,ATCTATCAGGCCGGTAGCACACCTTGTAATGGTGTTGAAGGTTTTAATTGTTACTTTCCTTTACAATCATATTGTTTCCAACCCACTTATGGTGTT,0.3200298503178772,1,W62201336
1,439,ATCTATCAGGCCGGTAGCACACCTTGTAATGGTGTTGAAGGTTTTAATTGTTACTTTCCTTTACAATCATATGCTTTCCAACCCACTTATGGTGTT,0.31500696029046654,2,W62201336
2,394,ATCTATCAGGCCGGTAGCACACCTTGTAATGGTGTTGAAGGTTTTAATTGTTACTTTCCTTTACAATCATATGGTTTACAACCCACTTATGGTGTT,0.28271695297139826,3,W62201336
0,278,ATCTATCAGGCCGGTAGCACACCTTGTAATGGTGTTGAAGGTTTTAATTGTTACTTTTCTTTACAATCATATGGTTTCCAACCCACTTATGGTGTT,0.7672563685038502,1,W62201952
1,157,ATCTATCAGGCCGGTAGCACACCTTGTAATGGTGTTGAAGGTTTTAATTGTTACTTTTCCTTTACAATCATATGGTTTCCAACCCACTTATGGTGT,0.43330665415505204,2,W62201952
2,82,ATCTATCAGGCCGGTAGCACACCTTGTAATGGTGTTGAAGGTTTTAATTGTTACTTTCCTTTTACAATCATATGGTTTCCAACCCACTTATGGTGT,0.2263130295586896,3,W62201952
3,74,ATCTATCAGGCCGGTAGCACACCTTGTAATGGTGTTGAAGGTTTTAATTGTTACTTTCCTTTACAATCATATTGTTTCCAACCCACTTATGGTGTT,0.20423370960174428,4,W62201952
0,278,ATCTATCAGGCCGGTAGCACACCTTGTAATGGTGTTGAAGGTTTTAATTGTTACTTTTCTTTACAATCATATGGTTTCCAACCCACTTATGGTGTT,0.7672563685038502,1,W62201952
1,157,ATCTATCAGGCCGGTAGCACACCTTGTAATGGTGTTGAAGGTTTTAATTGTTACTTTTCCTTTACAATCATATGGTTTCCAACCCACTTATGGTGT,0.43330665415505204,2,W62201952
2,82,ATCTATCAGGCCGGTAGCACACCTTGTAATGGTGTTGAAGGTTTTAATTGTTACTTTCCTTTTACAATCATATGGTTTCCAACCCACTTATGGTGT,0.2263130295586896,3,W62201952
3,74,ATCTATCAGGCCGGTAGCACACCTTGTAATGGTGTTGAAGGTTTTAATTGTTACTTTCCTTTACAATCATATTGTTTCCAACCCACTTATGGTGTT,0.20423370960174428,4,W62201952
0,278,ATCTATCAGGCCGGTAGCACACCTTGTAATGGTGTTGAAGGTTTTAATTGTTACTTTTCTTTACAATCATATGGTTTCCAACCCACTTATGGTGTT,0.7672563685038502,1,W62201952
1,157,ATCTATCAGGCCGGTAGCACACCTTGTAATGGTGTTGAAGGTTTTAATTGTTACTTTTCCTTTACAATCATATGGTTTCCAACCCACTTATGGTGT,0.43330665415505204,2,W62201952
2,82,ATCTATCAGGCCGGTAGCACACCTTGTAATGGTGTTGAAGGTTTTAATTGTTACTTTCCTTTTACAATCATATGGTTTCCAACCCACTTATGGTGT,0.2263130295586896,3,W62201952
3,74,ATCTATCAGGCCGGTAGCACACCTTGTAATGGTGTTGAAGGTTTTAATTGTTACTTTCCTTTACAATCATATTGTTTCCAACCCACTTATGGTGTT,0.20423370960174428,4,W62201952
0,278,ATCTATCAGGCCGGTAGCACACCTTGTAATGGTGTTGAAGGTTTTAATTGTTACTTTTCTTTACAATCATATGGTTTCCAACCCACTTATGGTGTT,0.7672563685038502,1,W62201952
1,157,ATCTATCAGGCCGGTAGCACACCTTGTAATGGTGTTGAAGGTTTTAATTGTTACTTTTCCTTTACAATCATATGGTTTCCAACCCACTTATGGTGT,0.43330665415505204,2,W62201952
2,82,ATCTATCAGGCCGGTAGCACACCTTGTAATGGTGTTGAAGGTTTTAATTGTTACTTTCCTTTTACAATCATATGGTTTCCAACCCACTTATGGTGT,0.2263130295586896,3,W62201952
3,74,ATCTATCAGGCCGGTAGCACACCTTGTAATGGTGTTGAAGGTTTTAATTGTTACTTTCCTTTACAATCATATTGTTTCCAACCCACTTATGGTGTT,0.20423370960174428,4,W62201952
0,232,ATCTATCAGGCCGGTAGCACACCTTGTAATGGTGTTGAAGGTTTTAATTGTTACTTTCCTTTACAATCATATGGCTTCCAACCCACTTATGGTGTT,0.17429324839041688,1,W62203742
0,410,ATCTATCAGGCCGGTAGCACACCTTGTAATGGTGTTGAAGGTTTTAATTGTTACTTTCCTTTACAATCATATGCTTTCCAACCCACTTATGGTGTT,0.21064529387587339,1,W62204053
0,487,ATCTATCAGGCCGGTAGCACACCTTGTAATGGTGTTGAAGGTTTTAATTGTTACTTTCCTTTACAATCATATGCTTTCCAACCCACTTATGGTGTT,0.20993279564098474,1,W62204117
0,133,ATCTATCAGGCCGGTAGCACACCTTGTATAATTGTTACTTTCCTTTACAATCATATGGTTTCCAACCCACTTATGGTGTTGGTTACCAACCATACA,0.2085456683653469,1,w62102311
1,127,ATCTATCAGGCCGGTAGCACACCTTGTAATGGTGTTGAAGGTTTTAATTGTTACTTTCCTTTACAATCATATGGTTTACAACCCACTTATGGTGTT,0.19913759310074478,2,w62102311
0,133,ATCTATCAGGCCGGTAGCACACCTTGTATAATTGTTACTTTCCTTTACAATCATATGGTTTCCAACCCACTTATGGTGTTGGTTACCAACCATACA,0.2085456683653469,1,w62102311
1,127,ATCTATCAGGCCGGTAGCACACCTTGTAATGGTGTTGAAGGTTTTAATTGTTACTTTCCTTTACAATCATATGGTTTACAACCCACTTATGGTGTT,0.19913759310074478,2,w62102311
0,885,ATCTATCAGGCCGGTAGCACACCTTGTAATGGTGTTGAAGGTTTTAATTGTTACTTTCCTTTACAATCATATGCTTTCCAACCCACTTATGGTGTT,0.36234702609308017,1,w62102319
1,826,ATCTATCAGGCCGGTAGCACACCTTGTAATGGTGTTGAAGGTTTTAATTGTTACTTTCCTTTACAATCATATTGTTTCCAACCCACTTATGGTGTT,0.3381905576868749,2,w62102319
2,659,ATCTATCAGGCCGGTAGCACACCTTGTAATGGTGTTGAAGGTTTTAATTGTTACTTTCCTTTACAATCATATGGTTTACAACCCACTTATGGTGTT,0.26981546914727667,3,w62102319
0,885,ATCTATCAGGCCGGTAGCACACCTTGTAATGGTGTTGAAGGTTTTAATTGTTACTTTCCTTTACAATCATATGCTTTCCAACCCACTTATGGTGTT,0.36234702609308017,1,w62102319
1,826,ATCTATCAGGCCGGTAGCACACCTTGTAATGGTGTTGAAGGTTTTAATTGTTACTTTCCTTTACAATCATATTGTTTCCAACCCACTTATGGTGTT,0.3381905576868749,2,w62102319
2,659,ATCTATCAGGCCGGTAGCACACCTTGTAATGGTGTTGAAGGTTTTAATTGTTACTTTCCTTTACAATCATATGGTTTACAACCCACTTATGGTGTT,0.26981546914727667,3,w62102319
0,885,ATCTATCAGGCCGGTAGCACACCTTGTAATGGTGTTGAAGGTTTTAATTGTTACTTTCCTTTACAATCATATGCTTTCCAACCCACTTATGGTGTT,0.36234702609308017,1,w62102319
1,826,ATCTATCAGGCCGGTAGCACACCTTGTAATGGTGTTGAAGGTTTTAATTGTTACTTTCCTTTACAATCATATTGTTTCCAACCCACTTATGGTGTT,0.3381905576868749,2,w62102319
2,659,ATCTATCAGGCCGGTAGCACACCTTGTAATGGTGTTGAAGGTTTTAATTGTTACTTTCCTTTACAATCATATGGTTTACAACCCACTTATGGTGTT,0.26981546914727667,3,w62102319
0,190,ATCTATCAGGCCGGTAGCACACCTTGTAATGGTGTTGAAGGTTTTAATTGTTACTTTCTTTTACAATCATATGGTTTCCAACCCACTTATGGTGTT,0.3411498545624304,1,w62102672
1,142,ATCTATCAGGCCGGTAGCACACCTTGTAATGGTGTTGAAGGTTTTAATTGTTACTTTCCTTTACAATCATATTGTTTCCAACCCACTTATGGTGTT,0.25496462814665855,2,w62102672
2,126,ATCTATCAGGCCGGTAGCACACCTTGTAATGGTGTTGAAGGTTTTAATTGTTACTTTCCTTTACAATCATATGGTTTCCAACCCATTTATGGTGTT,0.22623621934140123,3,w62102672
3,112,ATCTATCAGGCCGGTAGCACACCTTGTAATGGTGTTGAAGGTTTTAATTGTTACTTTCCTTTACAATCATATGCTTTCCAACCCACTTATGGTGTT,0.2010988616368011,4,w62102672
4,103,ATCTATCAGGCCGGTAGCACACCTTGTAATGGTGTTGAAGGTTTTAATTGTTACTTTCCTTTACAATCATATGGTTTCCAACCCACTTATGGTTTG,0.18493913168384388,5,w62102672
0,190,ATCTATCAGGCCGGTAGCACACCTTGTAATGGTGTTGAAGGTTTTAATTGTTACTTTCTTTTACAATCATATGGTTTCCAACCCACTTATGGTGTT,0.3411498545624304,1,w62102672
1,142,ATCTATCAGGCCGGTAGCACACCTTGTAATGGTGTTGAAGGTTTTAATTGTTACTTTCCTTTACAATCATATTGTTTCCAACCCACTTATGGTGTT,0.25496462814665855,2,w62102672
2,126,ATCTATCAGGCCGGTAGCACACCTTGTAATGGTGTTGAAGGTTTTAATTGTTACTTTCCTTTACAATCATATGGTTTCCAACCCATTTATGGTGTT,0.22623621934140123,3,w62102672
3,112,ATCTATCAGGCCGGTAGCACACCTTGTAATGGTGTTGAAGGTTTTAATTGTTACTTTCCTTTACAATCATATGCTTTCCAACCCACTTATGGTGTT,0.2010988616368011,4,w62102672
4,103,ATCTATCAGGCCGGTAGCACACCTTGTAATGGTGTTGAAGGTTTTAATTGTTACTTTCCTTTACAATCATATGGTTTCCAACCCACTTATGGTTTG,0.18493913168384388,5,w62102672
0,190,ATCTATCAGGCCGGTAGCACACCTTGTAATGGTGTTGAAGGTTTTAATTGTTACTTTCTTTTACAATCATATGGTTTCCAACCCACTTATGGTGTT,0.3411498545624304,1,w62102672
1,142,ATCTATCAGGCCGGTAGCACACCTTGTAATGGTGTTGAAGGTTTTAATTGTTACTTTCCTTTACAATCATATTGTTTCCAACCCACTTATGGTGTT,0.25496462814665855,2,w62102672
2,126,ATCTATCAGGCCGGTAGCACACCTTGTAATGGTGTTGAAGGTTTTAATTGTTACTTTCCTTTACAATCATATGGTTTCCAACCCATTTATGGTGTT,0.22623621934140123,3,w62102672
3,112,ATCTATCAGGCCGGTAGCACACCTTGTAATGGTGTTGAAGGTTTTAATTGTTACTTTCCTTTACAATCATATGCTTTCCAACCCACTTATGGTGTT,0.2010988616368011,4,w62102672
4,103,ATCTATCAGGCCGGTAGCACACCTTGTAATGGTGTTGAAGGTTTTAATTGTTACTTTCCTTTACAATCATATGGTTTCCAACCCACTTATGGTTTG,0.18493913168384388,5,w62102672
0,190,ATCTATCAGGCCGGTAGCACACCTTGTAATGGTGTTGAAGGTTTTAATTGTTACTTTCTTTTACAATCATATGGTTTCCAACCCACTTATGGTGTT,0.3411498545624304,1,w62102672
1,142,ATCTATCAGGCCGGTAGCACACCTTGTAATGGTGTTGAAGGTTTTAATTGTTACTTTCCTTTACAATCATATTGTTTCCAACCCACTTATGGTGTT,0.25496462814665855,2,w62102672
2,126,ATCTATCAGGCCGGTAGCACACCTTGTAATGGTGTTGAAGGTTTTAATTGTTACTTTCCTTTACAATCATATGGTTTCCAACCCATTTATGGTGTT,0.22623621934140123,3,w62102672
3,112,ATCTATCAGGCCGGTAGCACACCTTGTAATGGTGTTGAAGGTTTTAATTGTTACTTTCCTTTACAATCATATGCTTTCCAACCCACTTATGGTGTT,0.2010988616368011,4,w62102672
4,103,ATCTATCAGGCCGGTAGCACACCTTGTAATGGTGTTGAAGGTTTTAATTGTTACTTTCCTTTACAATCATATGGTTTCCAACCCACTTATGGTTTG,0.18493913168384388,5,w62102672
0,190,ATCTATCAGGCCGGTAGCACACCTTGTAATGGTGTTGAAGGTTTTAATTGTTACTTTCTTTTACAATCATATGGTTTCCAACCCACTTATGGTGTT,0.3411498545624304,1,w62102672
1,142,ATCTATCAGGCCGGTAGCACACCTTGTAATGGTGTTGAAGGTTTTAATTGTTACTTTCCTTTACAATCATATTGTTTCCAACCCACTTATGGTGTT,0.25496462814665855,2,w62102672
2,126,ATCTATCAGGCCGGTAGCACACCTTGTAATGGTGTTGAAGGTTTTAATTGTTACTTTCCTTTACAATCATATGGTTTCCAACCCATTTATGGTGTT,0.22623621934140123,3,w62102672
3,112,ATCTATCAGGCCGGTAGCACACCTTGTAATGGTGTTGAAGGTTTTAATTGTTACTTTCCTTTACAATCATATGCTTTCCAACCCACTTATGGTGTT,0.2010988616368011,4,w62102672
4,103,ATCTATCAGGCCGGTAGCACACCTTGTAATGGTGTTGAAGGTTTTAATTGTTACTTTCCTTTACAATCATATGGTTTCCAACCCACTTATGGTTTG,0.18493913168384388,5,w62102672
0,330,ATCTATCAGGCCGGTAGCACACCTTGTAATGGTGTTGAAGGTTTTAATTGTTACTTTCCTTTACAATCATATGCTTTCCAACCCACTTATGGTGTT,0.18214232490879084,1,w62102929
0,399,ATCTATCAGGCCGGTAGCACACCTTGTAATGGTGTTGAAGGTTTTAATTGTTACTTTCCTTTACAATCATATGCTTTCCAACCCACTTATGGTGTT,0.1743599155730935,1,w62103106
0,836,ATCTATCAGGCCGGTAGCACACCTTGTAATGGTGTTGAAGGTTTTAATTGTTACTTTCCTTTACAATCATATTGTTTCCAACCCACTTATGGTGTT,0.317156818112841,1,w62103258
1,830,ATCTATCAGGCCGGTAGCACACCTTGTAATGGTGTTGAAGGTTTTAATTGTTACTTTCCTTTACAATCATATGCTTTCCAACCCACTTATGGTGTT,0.314880573006768,2,w62103258
2,702,ATCTATCAGGCCGGTAGCACACCTTGTAATGGTGTTGAAGGTTTTAATTGTTACTTTCCTTTACAATCATATGGTTTACAACCCACTTATGGTGTT,0.26632067741054355,3,w62103258
0,836,ATCTATCAGGCCGGTAGCACACCTTGTAATGGTGTTGAAGGTTTTAATTGTTACTTTCCTTTACAATCATATTGTTTCCAACCCACTTATGGTGTT,0.317156818112841,1,w62103258
1,830,ATCTATCAGGCCGGTAGCACACCTTGTAATGGTGTTGAAGGTTTTAATTGTTACTTTCCTTTACAATCATATGCTTTCCAACCCACTTATGGTGTT,0.314880573006768,2,w62103258
2,702,ATCTATCAGGCCGGTAGCACACCTTGTAATGGTGTTGAAGGTTTTAATTGTTACTTTCCTTTACAATCATATGGTTTACAACCCACTTATGGTGTT,0.26632067741054355,3,w62103258
0,836,ATCTATCAGGCCGGTAGCACACCTTGTAATGGTGTTGAAGGTTTTAATTGTTACTTTCCTTTACAATCATATTGTTTCCAACCCACTTATGGTGTT,0.317156818112841,1,w62103258
1,830,ATCTATCAGGCCGGTAGCACACCTTGTAATGGTGTTGAAGGTTTTAATTGTTACTTTCCTTTACAATCATATGCTTTCCAACCCACTTATGGTGTT,0.314880573006768,2,w62103258
2,702,ATCTATCAGGCCGGTAGCACACCTTGTAATGGTGTTGAAGGTTTTAATTGTTACTTTCCTTTACAATCATATGGTTTACAACCCACTTATGGTGTT,0.26632067741054355,3,w62103258
0,345,ATCTATCAGGCCGGTAGCACACCTTGTAATGGTGTTGAAGGTTTTAATTGTTACTTTCCTTTACAATCATATGCTTTCCAACCCACTTATGGTGTT,0.17298088686548604,1,w62103551
0,557,ATCTATCAGGCCGGTAGCACACCTTGTAATGGTGTTGAAGGTTTTAATTGTTACTTTCCTTTACAATCATATGGTTTACAACCCACTTATGGTGTT,0.18803655403603414,1,w62103554
0,288,ATCTATCAGGCCGGTAGCACACCTTGTAATGGTGTTGAAGGTTTTAATTGTTACTTTCCTTTACAATCATATGGTTTACAACCCACTTATGGTGTT,0.18013059468114384,1,w62103605
0,717,ATCTATCAGGCCGGTAGCACACCTTGTAATGGTGTTGAAGGTTTTAATTGTTACTTTCCTTTACAATCATATTGTTTCCAACCCACTTATGGTGTT,0.35564594132089977,1,w62103630
1,690,ATCTATCAGGCCGGTAGCACACCTTGTAATGGTGTTGAAGGTTTTAATTGTTACTTTCCTTTACAATCATATGCTTTCCAACCCACTTATGGTGTT,0.3422534163339203,2,w62103630
2,515,ATCTATCAGGCCGGTAGCACACCTTGTAATGGTGTTGAAGGTTTTAATTGTTACTTTCCTTTACAATCATATGGTTTACAACCCACTTATGGTGTT,0.2554500136405347,3,w62103630
0,717,ATCTATCAGGCCGGTAGCACACCTTGTAATGGTGTTGAAGGTTTTAATTGTTACTTTCCTTTACAATCATATTGTTTCCAACCCACTTATGGTGTT,0.35564594132089977,1,w62103630
1,690,ATCTATCAGGCCGGTAGCACACCTTGTAATGGTGTTGAAGGTTTTAATTGTTACTTTCCTTTACAATCATATGCTTTCCAACCCACTTATGGTGTT,0.3422534163339203,2,w62103630
2,515,ATCTATCAGGCCGGTAGCACACCTTGTAATGGTGTTGAAGGTTTTAATTGTTACTTTCCTTTACAATCATATGGTTTACAACCCACTTATGGTGTT,0.2554500136405347,3,w62103630
0,717,ATCTATCAGGCCGGTAGCACACCTTGTAATGGTGTTGAAGGTTTTAATTGTTACTTTCCTTTACAATCATATTGTTTCCAACCCACTTATGGTGTT,0.35564594132089977,1,w62103630
1,690,ATCTATCAGGCCGGTAGCACACCTTGTAATGGTGTTGAAGGTTTTAATTGTTACTTTCCTTTACAATCATATGCTTTCCAACCCACTTATGGTGTT,0.3422534163339203,2,w62103630
2,515,ATCTATCAGGCCGGTAGCACACCTTGTAATGGTGTTGAAGGTTTTAATTGTTACTTTCCTTTACAATCATATGGTTTACAACCCACTTATGGTGTT,0.2554500136405347,3,w62103630
0,275,ATCTATCAGGCCGGTAGCACACCTTGTAATGGTGTTGAAGGTTTTAATTGTTACTTTCCTTTACAATCATATTGTTTCCAACCCACTTATGGTGTT,0.2051702913418137,1,w62200281
1,246,ATCTATCAGGCCGGTAGCACACCTTGTAATGGTGTTGAAGGTTTTAATTGTTACTTTCCTTTACAATCATATGCTTTCCAACCCACTTATGGTGTT,0.18353415152758606,2,w62200281
0,275,ATCTATCAGGCCGGTAGCACACCTTGTAATGGTGTTGAAGGTTTTAATTGTTACTTTCCTTTACAATCATATTGTTTCCAACCCACTTATGGTGTT,0.2051702913418137,1,w62200281
1,246,ATCTATCAGGCCGGTAGCACACCTTGTAATGGTGTTGAAGGTTTTAATTGTTACTTTCCTTTACAATCATATGCTTTCCAACCCACTTATGGTGTT,0.18353415152758606,2,w62200281
