0,387,ATCTATCAGGCCGGTAGCACACCTTGTAATGGTGTTGAAGGTTTTAATTGTTACTTTCCTTTACAATCATATTGTTTCCAACCCACTAATGGTGTT,0.2409293522922529,1,W60602553
1,374,ATCTATCAGGCCGGTAGCACACCTTGTAATGGTGTTGAAGGTTTTAATTGTTACTTTCCTTTACAATCATATGGTTTACAACCCACTAATGGTGTT,0.23283611823592398,2,W60602553
2,308,ATCTATCAGGCCGGTAGCACACCTTGTAATGGTGTTGAAGGTTTTAATTGTTACTTTCCTTTACAATCATATGCTTTCCAACCCACTAATGGTGTT,0.191747391488408,3,W60602553
0,387,ATCTATCAGGCCGGTAGCACACCTTGTAATGGTGTTGAAGGTTTTAATTGTTACTTTCCTTTACAATCATATTGTTTCCAACCCACTAATGGTGTT,0.2409293522922529,1,W60602553
1,374,ATCTATCAGGCCGGTAGCACACCTTGTAATGGTGTTGAAGGTTTTAATTGTTACTTTCCTTTACAATCATATGGTTTACAACCCACTAATGGTGTT,0.23283611823592398,2,W60602553
2,308,ATCTATCAGGCCGGTAGCACACCTTGTAATGGTGTTGAAGGTTTTAATTGTTACTTTCCTTTACAATCATATGCTTTCCAACCCACTAATGGTGTT,0.191747391488408,3,W60602553
0,387,ATCTATCAGGCCGGTAGCACACCTTGTAATGGTGTTGAAGGTTTTAATTGTTACTTTCCTTTACAATCATATTGTTTCCAACCCACTAATGGTGTT,0.2409293522922529,1,W60602553
1,374,ATCTATCAGGCCGGTAGCACACCTTGTAATGGTGTTGAAGGTTTTAATTGTTACTTTCCTTTACAATCATATGGTTTACAACCCACTAATGGTGTT,0.23283611823592398,2,W60602553
2,308,ATCTATCAGGCCGGTAGCACACCTTGTAATGGTGTTGAAGGTTTTAATTGTTACTTTCCTTTACAATCATATGCTTTCCAACCCACTAATGGTGTT,0.191747391488408,3,W60602553
0,105,ATCTATCAGGCCGGTAGCACACCTTGTAATGGTGTTGAAGGTTTTAATTTACTTTCCTTTACAATCATATGGTTTCCAACCCACTAATGGTGTTGG,0.29474511565236916,1,W60603175
1,73,ATCTATCAGGCCGGTAGCACACCTTGTAATGGTGTTGAAGGTTTTAATTGTTACTTTCCTTTACAATCATATGCTTTCCAACCCACTAATGGTGTT,0.20491803278688525,2,W60603175
0,105,ATCTATCAGGCCGGTAGCACACCTTGTAATGGTGTTGAAGGTTTTAATTTACTTTCCTTTACAATCATATGGTTTCCAACCCACTAATGGTGTTGG,0.29474511565236916,1,W60603175
1,73,ATCTATCAGGCCGGTAGCACACCTTGTAATGGTGTTGAAGGTTTTAATTGTTACTTTCCTTTACAATCATATGCTTTCCAACCCACTAATGGTGTT,0.20491803278688525,2,W60603175
0,136,ATCTATCAGGCCGGTAGCACACCTTGTAATGGTGTTGAAGGTTTTAATTGTTACCTTCCTTTACAATCATATGGTTTCCAACCCACTAATGGTGTT,0.3518484981760795,1,W60603208
1,103,ATCTATCAGGCCGGTAGCACACCTTGTAATGGTTTTGAAGGTTTTAATTGTTACTTTCCTTTACAATCATATGGTTTCCAACCCACTAATGGTGTT,0.2664734949421778,2,W60603208
0,136,ATCTATCAGGCCGGTAGCACACCTTGTAATGGTGTTGAAGGTTTTAATTGTTACCTTCCTTTACAATCATATGGTTTCCAACCCACTAATGGTGTT,0.3518484981760795,1,W60603208
1,103,ATCTATCAGGCCGGTAGCACACCTTGTAATGGTTTTGAAGGTTTTAATTGTTACTTTCCTTTACAATCATATGGTTTCCAACCCACTAATGGTGTT,0.2664734949421778,2,W60603208
0,320,ATCTATCAGGCCGGTAGCACACCTTGTAATGGTGTTGAAGGTTTTAATTGTTACTTTCCTTTACAATCATATTGTTTCCAACCCACTAATGGTGTT,0.2873073020946498,1,W60603380
1,318,ATCTATCAGGCCGGTAGCACACCTTGTAATGGTGTTGAAGGTTTTAATTGTTACTTTCCTTTACAATCATATGCTTTCCAACCCACTAATGGTGTT,0.2855116314565582,2,W60603380
2,282,ATCTATCAGGCCGGTAGCACACCTTGTAATGGTGTTGAAGGTTTTAATTGTTACTTTCCTTTACAATCATATGGTTTACAACCCACTAATGGTGTT,0.25318955997091014,3,W60603380
0,320,ATCTATCAGGCCGGTAGCACACCTTGTAATGGTGTTGAAGGTTTTAATTGTTACTTTCCTTTACAATCATATTGTTTCCAACCCACTAATGGTGTT,0.2873073020946498,1,W60603380
1,318,ATCTATCAGGCCGGTAGCACACCTTGTAATGGTGTTGAAGGTTTTAATTGTTACTTTCCTTTACAATCATATGCTTTCCAACCCACTAATGGTGTT,0.2855116314565582,2,W60603380
2,282,ATCTATCAGGCCGGTAGCACACCTTGTAATGGTGTTGAAGGTTTTAATTGTTACTTTCCTTTACAATCATATGGTTTACAACCCACTAATGGTGTT,0.25318955997091014,3,W60603380
0,320,ATCTATCAGGCCGGTAGCACACCTTGTAATGGTGTTGAAGGTTTTAATTGTTACTTTCCTTTACAATCATATTGTTTCCAACCCACTAATGGTGTT,0.2873073020946498,1,W60603380
1,318,ATCTATCAGGCCGGTAGCACACCTTGTAATGGTGTTGAAGGTTTTAATTGTTACTTTCCTTTACAATCATATGCTTTCCAACCCACTAATGGTGTT,0.2855116314565582,2,W60603380
2,282,ATCTATCAGGCCGGTAGCACACCTTGTAATGGTGTTGAAGGTTTTAATTGTTACTTTCCTTTACAATCATATGGTTTACAACCCACTAATGGTGTT,0.25318955997091014,3,W60603380
0,621,ATCTATCAGGCCGGTAGCACACCTTGTAATGGTGTTGAAGGTTTTAATTGTTACTTTCCTTTACAATCATATTGTTTCCAACCCACTAATGGTGTT,0.27107487079201004,1,W60603387
1,611,ATCTATCAGGCCGGTAGCACACCTTGTAATGGTGTTGAAGGTTTTAATTGTTACTTTCCTTTACAATCATATGCTTTCCAACCCACTAATGGTGTT,0.26670973599664755,2,W60603387
2,448,ATCTATCAGGCCGGTAGCACACCTTGTAATGGTGTTGAAGGTTTTAATTGTTACTTTCCTTTACAATCATATGGTTTACAACCCACTAATGGTGTT,0.19555803883223913,3,W60603387
0,621,ATCTATCAGGCCGGTAGCACACCTTGTAATGGTGTTGAAGGTTTTAATTGTTACTTTCCTTTACAATCATATTGTTTCCAACCCACTAATGGTGTT,0.27107487079201004,1,W60603387
1,611,ATCTATCAGGCCGGTAGCACACCTTGTAATGGTGTTGAAGGTTTTAATTGTTACTTTCCTTTACAATCATATGCTTTCCAACCCACTAATGGTGTT,0.26670973599664755,2,W60603387
2,448,ATCTATCAGGCCGGTAGCACACCTTGTAATGGTGTTGAAGGTTTTAATTGTTACTTTCCTTTACAATCATATGGTTTACAACCCACTAATGGTGTT,0.19555803883223913,3,W60603387
0,621,ATCTATCAGGCCGGTAGCACACCTTGTAATGGTGTTGAAGGTTTTAATTGTTACTTTCCTTTACAATCATATTGTTTCCAACCCACTAATGGTGTT,0.27107487079201004,1,W60603387
1,611,ATCTATCAGGCCGGTAGCACACCTTGTAATGGTGTTGAAGGTTTTAATTGTTACTTTCCTTTACAATCATATGCTTTCCAACCCACTAATGGTGTT,0.26670973599664755,2,W60603387
2,448,ATCTATCAGGCCGGTAGCACACCTTGTAATGGTGTTGAAGGTTTTAATTGTTACTTTCCTTTACAATCATATGGTTTACAACCCACTAATGGTGTT,0.19555803883223913,3,W60603387
0,181,ATCTATCAGGCCGGTAGCACACCTTGTAATGGTGTTGAAGGTTTTAATTGTTACTTTCCTTTACAATCATATTGTTTCCAACCCACTAATGGTGTT,0.2608595393883492,1,W60603398
1,168,ATCTATCAGGCCGGTAGCACACCTTGTAATGGTGTTGAAGGTTTTAATTGTTACTTTCCTTTACAATCATATGGTTTACAACCCACTAATGGTGTT,0.24212377136598162,2,W60603398
2,151,ATCTATCAGGCCGGTAGCACACCTTGTAATGGTGTTGAAGGTTTTAATTGTTACTTTCCTTTACAATCATATGCTTTCCAACCCACTAATGGTGTT,0.21762315164442397,3,W60603398
0,181,ATCTATCAGGCCGGTAGCACACCTTGTAATGGTGTTGAAGGTTTTAATTGTTACTTTCCTTTACAATCATATTGTTTCCAACCCACTAATGGTGTT,0.2608595393883492,1,W60603398
1,168,ATCTATCAGGCCGGTAGCACACCTTGTAATGGTGTTGAAGGTTTTAATTGTTACTTTCCTTTACAATCATATGGTTTACAACCCACTAATGGTGTT,0.24212377136598162,2,W60603398
2,151,ATCTATCAGGCCGGTAGCACACCTTGTAATGGTGTTGAAGGTTTTAATTGTTACTTTCCTTTACAATCATATGCTTTCCAACCCACTAATGGTGTT,0.21762315164442397,3,W60603398
0,181,ATCTATCAGGCCGGTAGCACACCTTGTAATGGTGTTGAAGGTTTTAATTGTTACTTTCCTTTACAATCATATTGTTTCCAACCCACTAATGGTGTT,0.2608595393883492,1,W60603398
1,168,ATCTATCAGGCCGGTAGCACACCTTGTAATGGTGTTGAAGGTTTTAATTGTTACTTTCCTTTACAATCATATGGTTTACAACCCACTAATGGTGTT,0.24212377136598162,2,W60603398
2,151,ATCTATCAGGCCGGTAGCACACCTTGTAATGGTGTTGAAGGTTTTAATTGTTACTTTCCTTTACAATCATATGCTTTCCAACCCACTAATGGTGTT,0.21762315164442397,3,W60603398
0,347,ATCTATCAGGCCGGTAGCACACCTTGTAATGGTGTTGAAGGTTTTAATTGTTACTTTCCTTTACAATCATATGCTTTCCAACCCACTAATGGTGTT,0.3395070787715127,1,W60603399
1,295,ATCTATCAGGCCGGTAGCACACCTTGTAATGGTGTTGAAGGTTTTAATTGTTACTTTCCTTTACAATCATATTGTTTCCAACCCACTAATGGTGTT,0.28862993728413905,2,W60603399
2,196,ATCTATCAGGCCGGTAGCACACCTTGTAATGGTGTTGAAGGTTTTAATTGTTACTTTCCTTTACAATCATATGGTTTACAACCCACTAATGGTGTT,0.1917676871447161,3,W60603399
0,347,ATCTATCAGGCCGGTAGCACACCTTGTAATGGTGTTGAAGGTTTTAATTGTTACTTTCCTTTACAATCATATGCTTTCCAACCCACTAATGGTGTT,0.3395070787715127,1,W60603399
1,295,ATCTATCAGGCCGGTAGCACACCTTGTAATGGTGTTGAAGGTTTTAATTGTTACTTTCCTTTACAATCATATTGTTTCCAACCCACTAATGGTGTT,0.28862993728413905,2,W60603399
2,196,ATCTATCAGGCCGGTAGCACACCTTGTAATGGTGTTGAAGGTTTTAATTGTTACTTTCCTTTACAATCATATGGTTTACAACCCACTAATGGTGTT,0.1917676871447161,3,W60603399
0,347,ATCTATCAGGCCGGTAGCACACCTTGTAATGGTGTTGAAGGTTTTAATTGTTACTTTCCTTTACAATCATATGCTTTCCAACCCACTAATGGTGTT,0.3395070787715127,1,W60603399
1,295,ATCTATCAGGCCGGTAGCACACCTTGTAATGGTGTTGAAGGTTTTAATTGTTACTTTCCTTTACAATCATATTGTTTCCAACCCACTAATGGTGTT,0.28862993728413905,2,W60603399
2,196,ATCTATCAGGCCGGTAGCACACCTTGTAATGGTGTTGAAGGTTTTAATTGTTACTTTCCTTTACAATCATATGGTTTACAACCCACTAATGGTGTT,0.1917676871447161,3,W60603399
0,418,ATCTATCAGGCCGGTAGCACACCTTGTAATGGTGTTGAAGGTTTTAATTGTTACTTTCCTTTACAATCATATGCTTTCCAACCCACTAATGGTGTT,0.26487884010950014,1,W60603404
1,380,ATCTATCAGGCCGGTAGCACACCTTGTAATGGTGTTGAAGGTTTTAATTGTTACTTTCCTTTACAATCATATTGTTTCCAACCCACTAATGGTGTT,0.24079894555409107,2,W60603404
2,293,ATCTATCAGGCCGGTAGCACACCTTGTAATGGTGTTGAAGGTTTTAATTGTTACTTTCCTTTACAATCATATGGTTTACAACCCACTAATGGTGTT,0.18566866065091758,3,W60603404
0,418,ATCTATCAGGCCGGTAGCACACCTTGTAATGGTGTTGAAGGTTTTAATTGTTACTTTCCTTTACAATCATATGCTTTCCAACCCACTAATGGTGTT,0.26487884010950014,1,W60603404
1,380,ATCTATCAGGCCGGTAGCACACCTTGTAATGGTGTTGAAGGTTTTAATTGTTACTTTCCTTTACAATCATATTGTTTCCAACCCACTAATGGTGTT,0.24079894555409107,2,W60603404
2,293,ATCTATCAGGCCGGTAGCACACCTTGTAATGGTGTTGAAGGTTTTAATTGTTACTTTCCTTTACAATCATATGGTTTACAACCCACTAATGGTGTT,0.18566866065091758,3,W60603404
0,418,ATCTATCAGGCCGGTAGCACACCTTGTAATGGTGTTGAAGGTTTTAATTGTTACTTTCCTTTACAATCATATGCTTTCCAACCCACTAATGGTGTT,0.26487884010950014,1,W60603404
1,380,ATCTATCAGGCCGGTAGCACACCTTGTAATGGTGTTGAAGGTTTTAATTGTTACTTTCCTTTACAATCATATTGTTTCCAACCCACTAATGGTGTT,0.24079894555409107,2,W60603404
2,293,ATCTATCAGGCCGGTAGCACACCTTGTAATGGTGTTGAAGGTTTTAATTGTTACTTTCCTTTACAATCATATGGTTTACAACCCACTAATGGTGTT,0.18566866065091758,3,W60603404
0,258,ATCTATCAGGCCGGTAGCACACCTTGTAATGGTGTTGAAGGTTTTAATTGTTACTTTCCTTTACAATCATATGGTTTACAACCCACTAATGGTGTT,0.234121906732366,1,W60603430
0,380,ATCTATCAGGCCGGTAGCACACCTTGTAATGGTGTTGAAGGTTTTAATTGTTACTTTCCTTTACAATCATATGCTTTCCAACCCACTAATGGTGTT,0.3400325715410634,1,W60603435
1,314,ATCTATCAGGCCGGTAGCACACCTTGTAATGGTGTTGAAGGTTTTAATTGTTACTTTCCTTTACAATCATATTGTTTCCAACCCACTAATGGTGTT,0.2809742827997208,2,W60603435
2,215,ATCTATCAGGCCGGTAGCACACCTTGTAATGGTGTTGAAGGTTTTAATTGTTACTTTCCTTTACAATCATATGGTTTACAACCCACTAATGGTGTT,0.19238684968770692,3,W60603435
0,380,ATCTATCAGGCCGGTAGCACACCTTGTAATGGTGTTGAAGGTTTTAATTGTTACTTTCCTTTACAATCATATGCTTTCCAACCCACTAATGGTGTT,0.3400325715410634,1,W60603435
1,314,ATCTATCAGGCCGGTAGCACACCTTGTAATGGTGTTGAAGGTTTTAATTGTTACTTTCCTTTACAATCATATTGTTTCCAACCCACTAATGGTGTT,0.2809742827997208,2,W60603435
2,215,ATCTATCAGGCCGGTAGCACACCTTGTAATGGTGTTGAAGGTTTTAATTGTTACTTTCCTTTACAATCATATGGTTTACAACCCACTAATGGTGTT,0.19238684968770692,3,W60603435
0,380,ATCTATCAGGCCGGTAGCACACCTTGTAATGGTGTTGAAGGTTTTAATTGTTACTTTCCTTTACAATCATATGCTTTCCAACCCACTAATGGTGTT,0.3400325715410634,1,W60603435
1,314,ATCTATCAGGCCGGTAGCACACCTTGTAATGGTGTTGAAGGTTTTAATTGTTACTTTCCTTTACAATCATATTGTTTCCAACCCACTAATGGTGTT,0.2809742827997208,2,W60603435
2,215,ATCTATCAGGCCGGTAGCACACCTTGTAATGGTGTTGAAGGTTTTAATTGTTACTTTCCTTTACAATCATATGGTTTACAACCCACTAATGGTGTT,0.19238684968770692,3,W60603435
0,425,ATCTATCAGGCCGGTAGCACACCTTGTAATGGTGTTGAAGGTTTTAATTGTTACTTTCCTTTACAATCATATGGTTTACAACCCACTAATGGTGTT,0.23004806651366214,1,W60603464
1,342,ATCTATCAGGCCGGTAGCACACCTTGTAATGGTGTTGAAGGTTTTAATTGTTACTTTCCTTTACAATCATATTGTTTCCAACCCACTAATGGTGTT,0.1851210323474646,2,W60603464
0,425,ATCTATCAGGCCGGTAGCACACCTTGTAATGGTGTTGAAGGTTTTAATTGTTACTTTCCTTTACAATCATATGGTTTACAACCCACTAATGGTGTT,0.23004806651366214,1,W60603464
1,342,ATCTATCAGGCCGGTAGCACACCTTGTAATGGTGTTGAAGGTTTTAATTGTTACTTTCCTTTACAATCATATTGTTTCCAACCCACTAATGGTGTT,0.1851210323474646,2,W60603464
0,134,ATCTATCAGGCCGGTAGCACACCTTGTAATGGTGTTGAAGGTTTTAATTGTTACTTTCCTTTACAATCATATGCTTTCCAACCCACTAATGGTGTT,0.32413342686437197,1,W60603496
1,101,ATCTATCAGGCCGGTAGCACACCTTGTAATGGTGTTGAAGGTTTTAATTGTTACTTTCCTTTACAATCATATTGTTTCCAACCCACTAATGGTGTT,0.24430952323359376,2,W60603496
2,101,ATCTATCAGGCCGGTAGCACACCTTGTAATGGTGTTGAAGGTTTTAATTGTTACTTTCCTTTACAATCATATGGTTTACAACCCACTAATGGTGTT,0.24430952323359376,3,W60603496
3,89,ACTATCAGGCCGGTAGCACACCTTGTAATGGTGTTGAAGGTTTTAATTGTTACTTTCCTTTACAATCATATGGTTTCCAACCCACTAATGGTGTTG,0.21528264918603807,4,W60603496
4,88,ATCTATCAGGCCGGTAGCACACCTTGTAATGGTGTTGAAGGTTTTAATTGTTACTTTCCTTTACAATCATATGTTTTCCAACCCACTAATGGTGTT,0.21286374301540842,5,W60603496
0,134,ATCTATCAGGCCGGTAGCACACCTTGTAATGGTGTTGAAGGTTTTAATTGTTACTTTCCTTTACAATCATATGCTTTCCAACCCACTAATGGTGTT,0.32413342686437197,1,W60603496
1,101,ATCTATCAGGCCGGTAGCACACCTTGTAATGGTGTTGAAGGTTTTAATTGTTACTTTCCTTTACAATCATATTGTTTCCAACCCACTAATGGTGTT,0.24430952323359376,2,W60603496
2,101,ATCTATCAGGCCGGTAGCACACCTTGTAATGGTGTTGAAGGTTTTAATTGTTACTTTCCTTTACAATCATATGGTTTACAACCCACTAATGGTGTT,0.24430952323359376,3,W60603496
3,89,ACTATCAGGCCGGTAGCACACCTTGTAATGGTGTTGAAGGTTTTAATTGTTACTTTCCTTTACAATCATATGGTTTCCAACCCACTAATGGTGTTG,0.21528264918603807,4,W60603496
4,88,ATCTATCAGGCCGGTAGCACACCTTGTAATGGTGTTGAAGGTTTTAATTGTTACTTTCCTTTACAATCATATGTTTTCCAACCCACTAATGGTGTT,0.21286374301540842,5,W60603496
0,134,ATCTATCAGGCCGGTAGCACACCTTGTAATGGTGTTGAAGGTTTTAATTGTTACTTTCCTTTACAATCATATGCTTTCCAACCCACTAATGGTGTT,0.32413342686437197,1,W60603496
1,101,ATCTATCAGGCCGGTAGCACACCTTGTAATGGTGTTGAAGGTTTTAATTGTTACTTTCCTTTACAATCATATTGTTTCCAACCCACTAATGGTGTT,0.24430952323359376,2,W60603496
2,101,ATCTATCAGGCCGGTAGCACACCTTGTAATGGTGTTGAAGGTTTTAATTGTTACTTTCCTTTACAATCATATGGTTTACAACCCACTAATGGTGTT,0.24430952323359376,3,W60603496
3,89,ACTATCAGGCCGGTAGCACACCTTGTAATGGTGTTGAAGGTTTTAATTGTTACTTTCCTTTACAATCATATGGTTTCCAACCCACTAATGGTGTTG,0.21528264918603807,4,W60603496
4,88,ATCTATCAGGCCGGTAGCACACCTTGTAATGGTGTTGAAGGTTTTAATTGTTACTTTCCTTTACAATCATATGTTTTCCAACCCACTAATGGTGTT,0.21286374301540842,5,W60603496
0,134,ATCTATCAGGCCGGTAGCACACCTTGTAATGGTGTTGAAGGTTTTAATTGTTACTTTCCTTTACAATCATATGCTTTCCAACCCACTAATGGTGTT,0.32413342686437197,1,W60603496
1,101,ATCTATCAGGCCGGTAGCACACCTTGTAATGGTGTTGAAGGTTTTAATTGTTACTTTCCTTTACAATCATATTGTTTCCAACCCACTAATGGTGTT,0.24430952323359376,2,W60603496
2,101,ATCTATCAGGCCGGTAGCACACCTTGTAATGGTGTTGAAGGTTTTAATTGTTACTTTCCTTTACAATCATATGGTTTACAACCCACTAATGGTGTT,0.24430952323359376,3,W60603496
3,89,ACTATCAGGCCGGTAGCACACCTTGTAATGGTGTTGAAGGTTTTAATTGTTACTTTCCTTTACAATCATATGGTTTCCAACCCACTAATGGTGTTG,0.21528264918603807,4,W60603496
4,88,ATCTATCAGGCCGGTAGCACACCTTGTAATGGTGTTGAAGGTTTTAATTGTTACTTTCCTTTACAATCATATGTTTTCCAACCCACTAATGGTGTT,0.21286374301540842,5,W60603496
0,134,ATCTATCAGGCCGGTAGCACACCTTGTAATGGTGTTGAAGGTTTTAATTGTTACTTTCCTTTACAATCATATGCTTTCCAACCCACTAATGGTGTT,0.32413342686437197,1,W60603496
1,101,ATCTATCAGGCCGGTAGCACACCTTGTAATGGTGTTGAAGGTTTTAATTGTTACTTTCCTTTACAATCATATTGTTTCCAACCCACTAATGGTGTT,0.24430952323359376,2,W60603496
2,101,ATCTATCAGGCCGGTAGCACACCTTGTAATGGTGTTGAAGGTTTTAATTGTTACTTTCCTTTACAATCATATGGTTTACAACCCACTAATGGTGTT,0.24430952323359376,3,W60603496
3,89,ACTATCAGGCCGGTAGCACACCTTGTAATGGTGTTGAAGGTTTTAATTGTTACTTTCCTTTACAATCATATGGTTTCCAACCCACTAATGGTGTTG,0.21528264918603807,4,W60603496
4,88,ATCTATCAGGCCGGTAGCACACCTTGTAATGGTGTTGAAGGTTTTAATTGTTACTTTCCTTTACAATCATATGTTTTCCAACCCACTAATGGTGTT,0.21286374301540842,5,W60603496
0,945,ATCTATCAGGCCGGTAGCACACCTTGTAATGGTGTTGAAGGTTTTAATTGTTACTTTCCTTTACAATCATATGGTTTCCAACCCACTAATGGTGTT,0.6862047431633675,1,W60603525
1,432,ATCTATCAGGCCGGTAGCACACTTTGTAATGGTGTTGAAGGTTTTAATTGTTACTTTCCTTTACAATCATATGCTTTCCAACCCACTAATGGTGTT,0.31369359687468235,2,W60603525
2,269,ATCTATCAGGCCGGTAGCACACTTTGTAATGGTGTTGAAGGTTTTAATTGTTACTTTCCTTTACAATCATATTGTTTCCAACCCACTAATGGTGTT,0.19533235546131839,3,W60603525
0,945,ATCTATCAGGCCGGTAGCACACCTTGTAATGGTGTTGAAGGTTTTAATTGTTACTTTCCTTTACAATCATATGGTTTCCAACCCACTAATGGTGTT,0.6862047431633675,1,W60603525
1,432,ATCTATCAGGCCGGTAGCACACTTTGTAATGGTGTTGAAGGTTTTAATTGTTACTTTCCTTTACAATCATATGCTTTCCAACCCACTAATGGTGTT,0.31369359687468235,2,W60603525
2,269,ATCTATCAGGCCGGTAGCACACTTTGTAATGGTGTTGAAGGTTTTAATTGTTACTTTCCTTTACAATCATATTGTTTCCAACCCACTAATGGTGTT,0.19533235546131839,3,W60603525
0,945,ATCTATCAGGCCGGTAGCACACCTTGTAATGGTGTTGAAGGTTTTAATTGTTACTTTCCTTTACAATCATATGGTTTCCAACCCACTAATGGTGTT,0.6862047431633675,1,W60603525
1,432,ATCTATCAGGCCGGTAGCACACTTTGTAATGGTGTTGAAGGTTTTAATTGTTACTTTCCTTTACAATCATATGCTTTCCAACCCACTAATGGTGTT,0.31369359687468235,2,W60603525
2,269,ATCTATCAGGCCGGTAGCACACTTTGTAATGGTGTTGAAGGTTTTAATTGTTACTTTCCTTTACAATCATATTGTTTCCAACCCACTAATGGTGTT,0.19533235546131839,3,W60603525
0,108,ATCTATCAGGCCGGTAGCACACCTTGTAATGGTGTTGAAGGTTTTAATTGTTACTTTCCTTTACAATCATATGCTTTCCAACCCACTAATGGTGTT,0.21631148854350263,1,W60603526
0,287,ATCTATCAGGCCGGTAGCACACCTTGTAATGGTGTTGAAGGTTTTAATTGTTACTTTCCTTTACAATCATATGCTTTCCAACCCACTAATGGTGTT,0.2953009085390322,1,W60603558
1,248,ATCTATCAGGCCGGTAGCACACCTTGTAATGGTGTTGAAGGTTTTAATTGTTACTTTCCTTTACAATCATATGGTTTACAACCCACTAATGGTGTT,0.25517291051456437,2,W60603558
2,239,ATCTATCAGGCCGGTAGCACACCTTGTAATGGTGTTGAAGGTTTTAATTGTTACTTTCCTTTACAATCATATTGTTTCCAACCCACTAATGGTGTT,0.24591260327814873,3,W60603558
3,209,ATCTATCAGGCCGGTAGCACACCTTGTAATGGTGTTGAAGGTTTTAATTGTTACTTTCCTTTACAATCATATGTTTTCCAACCCACTAATGGTGTT,0.21504491249009663,4,W60603558
0,287,ATCTATCAGGCCGGTAGCACACCTTGTAATGGTGTTGAAGGTTTTAATTGTTACTTTCCTTTACAATCATATGCTTTCCAACCCACTAATGGTGTT,0.2953009085390322,1,W60603558
1,248,ATCTATCAGGCCGGTAGCACACCTTGTAATGGTGTTGAAGGTTTTAATTGTTACTTTCCTTTACAATCATATGGTTTACAACCCACTAATGGTGTT,0.25517291051456437,2,W60603558
2,239,ATCTATCAGGCCGGTAGCACACCTTGTAATGGTGTTGAAGGTTTTAATTGTTACTTTCCTTTACAATCATATTGTTTCCAACCCACTAATGGTGTT,0.24591260327814873,3,W60603558
3,209,ATCTATCAGGCCGGTAGCACACCTTGTAATGGTGTTGAAGGTTTTAATTGTTACTTTCCTTTACAATCATATGTTTTCCAACCCACTAATGGTGTT,0.21504491249009663,4,W60603558
0,287,ATCTATCAGGCCGGTAGCACACCTTGTAATGGTGTTGAAGGTTTTAATTGTTACTTTCCTTTACAATCATATGCTTTCCAACCCACTAATGGTGTT,0.2953009085390322,1,W60603558
1,248,ATCTATCAGGCCGGTAGCACACCTTGTAATGGTGTTGAAGGTTTTAATTGTTACTTTCCTTTACAATCATATGGTTTACAACCCACTAATGGTGTT,0.25517291051456437,2,W60603558
2,239,ATCTATCAGGCCGGTAGCACACCTTGTAATGGTGTTGAAGGTTTTAATTGTTACTTTCCTTTACAATCATATTGTTTCCAACCCACTAATGGTGTT,0.24591260327814873,3,W60603558
3,209,ATCTATCAGGCCGGTAGCACACCTTGTAATGGTGTTGAAGGTTTTAATTGTTACTTTCCTTTACAATCATATGTTTTCCAACCCACTAATGGTGTT,0.21504491249009663,4,W60603558
0,287,ATCTATCAGGCCGGTAGCACACCTTGTAATGGTGTTGAAGGTTTTAATTGTTACTTTCCTTTACAATCATATGCTTTCCAACCCACTAATGGTGTT,0.2953009085390322,1,W60603558
1,248,ATCTATCAGGCCGGTAGCACACCTTGTAATGGTGTTGAAGGTTTTAATTGTTACTTTCCTTTACAATCATATGGTTTACAACCCACTAATGGTGTT,0.25517291051456437,2,W60603558
2,239,ATCTATCAGGCCGGTAGCACACCTTGTAATGGTGTTGAAGGTTTTAATTGTTACTTTCCTTTACAATCATATTGTTTCCAACCCACTAATGGTGTT,0.24591260327814873,3,W60603558
3,209,ATCTATCAGGCCGGTAGCACACCTTGTAATGGTGTTGAAGGTTTTAATTGTTACTTTCCTTTACAATCATATGTTTTCCAACCCACTAATGGTGTT,0.21504491249009663,4,W60603558
0,215,ATCTATCAGGCCGGTAGCACACCTTGTAATGGTGTTGAAGGTTTTAATTGTTACTTTCCTTTACAATCATATGCTTTCCAACCCACTAATGGTGTT,0.3025995411746492,1,W60603592
1,205,ATCTATCAGGCCGGTAGCACACCTTGTAATGGTGTTGAAGGTTTTAATTGTTACTTTCCTTTACAATCATATTGTTTCCAACCCACTAATGGTGTT,0.288525143910712,2,W60603592
2,187,ATCTATCAGGCCGGTAGCACACCTTGTAATGGTGTTGAAGGTTTTAATTGTTACTTTCCTTTACAATCATATGGTTTACAACCCACTAATGGTGTT,0.2631912288356251,3,W60603592
3,140,ATCTATCAGGCCGGTAGCACACCTTGTAATGGTGTTGAAGGTTTTAATTGTTACTTTCCTTTACAATCATATGTTTTCCAACCCACTAATGGTGTT,0.1970415616951204,4,W60603592
0,215,ATCTATCAGGCCGGTAGCACACCTTGTAATGGTGTTGAAGGTTTTAATTGTTACTTTCCTTTACAATCATATGCTTTCCAACCCACTAATGGTGTT,0.3025995411746492,1,W60603592
1,205,ATCTATCAGGCCGGTAGCACACCTTGTAATGGTGTTGAAGGTTTTAATTGTTACTTTCCTTTACAATCATATTGTTTCCAACCCACTAATGGTGTT,0.288525143910712,2,W60603592
2,187,ATCTATCAGGCCGGTAGCACACCTTGTAATGGTGTTGAAGGTTTTAATTGTTACTTTCCTTTACAATCATATGGTTTACAACCCACTAATGGTGTT,0.2631912288356251,3,W60603592
3,140,ATCTATCAGGCCGGTAGCACACCTTGTAATGGTGTTGAAGGTTTTAATTGTTACTTTCCTTTACAATCATATGTTTTCCAACCCACTAATGGTGTT,0.1970415616951204,4,W60603592
0,215,ATCTATCAGGCCGGTAGCACACCTTGTAATGGTGTTGAAGGTTTTAATTGTTACTTTCCTTTACAATCATATGCTTTCCAACCCACTAATGGTGTT,0.3025995411746492,1,W60603592
1,205,ATCTATCAGGCCGGTAGCACACCTTGTAATGGTGTTGAAGGTTTTAATTGTTACTTTCCTTTACAATCATATTGTTTCCAACCCACTAATGGTGTT,0.288525143910712,2,W60603592
2,187,ATCTATCAGGCCGGTAGCACACCTTGTAATGGTGTTGAAGGTTTTAATTGTTACTTTCCTTTACAATCATATGGTTTACAACCCACTAATGGTGTT,0.2631912288356251,3,W60603592
3,140,ATCTATCAGGCCGGTAGCACACCTTGTAATGGTGTTGAAGGTTTTAATTGTTACTTTCCTTTACAATCATATGTTTTCCAACCCACTAATGGTGTT,0.1970415616951204,4,W60603592
0,215,ATCTATCAGGCCGGTAGCACACCTTGTAATGGTGTTGAAGGTTTTAATTGTTACTTTCCTTTACAATCATATGCTTTCCAACCCACTAATGGTGTT,0.3025995411746492,1,W60603592
1,205,ATCTATCAGGCCGGTAGCACACCTTGTAATGGTGTTGAAGGTTTTAATTGTTACTTTCCTTTACAATCATATTGTTTCCAACCCACTAATGGTGTT,0.288525143910712,2,W60603592
2,187,ATCTATCAGGCCGGTAGCACACCTTGTAATGGTGTTGAAGGTTTTAATTGTTACTTTCCTTTACAATCATATGGTTTACAACCCACTAATGGTGTT,0.2631912288356251,3,W60603592
3,140,ATCTATCAGGCCGGTAGCACACCTTGTAATGGTGTTGAAGGTTTTAATTGTTACTTTCCTTTACAATCATATGTTTTCCAACCCACTAATGGTGTT,0.1970415616951204,4,W60603592
0,488,ATCTATCAGGCCGGTAGCACACCTTGTAATGGTGTTGAAGGTTTTAATTGTTACTTTCCTTTACAATCATATTGTTTCCAACCCACTAATGGTGTT,0.3443506731773406,1,W60603617
1,458,ATCTATCAGGCCGGTAGCACACCTTGTAATGGTGTTGAAGGTTTTAATTGTTACTTTCCTTTACAATCATATGCTTTCCAACCCACTAATGGTGTT,0.32318157441643847,2,W60603617
2,270,ATCTATCAGGCCGGTAGCACACCTTGTAATGGTGTTGAAGGTTTTAATTGTTACTTTCCTTTACAATCATATGGTTTACAACCCACTAATGGTGTT,0.19052188884811877,3,W60603617
0,488,ATCTATCAGGCCGGTAGCACACCTTGTAATGGTGTTGAAGGTTTTAATTGTTACTTTCCTTTACAATCATATTGTTTCCAACCCACTAATGGTGTT,0.3443506731773406,1,W60603617
1,458,ATCTATCAGGCCGGTAGCACACCTTGTAATGGTGTTGAAGGTTTTAATTGTTACTTTCCTTTACAATCATATGCTTTCCAACCCACTAATGGTGTT,0.32318157441643847,2,W60603617
2,270,ATCTATCAGGCCGGTAGCACACCTTGTAATGGTGTTGAAGGTTTTAATTGTTACTTTCCTTTACAATCATATGGTTTACAACCCACTAATGGTGTT,0.19052188884811877,3,W60603617
0,488,ATCTATCAGGCCGGTAGCACACCTTGTAATGGTGTTGAAGGTTTTAATTGTTACTTTCCTTTACAATCATATTGTTTCCAACCCACTAATGGTGTT,0.3443506731773406,1,W60603617
1,458,ATCTATCAGGCCGGTAGCACACCTTGTAATGGTGTTGAAGGTTTTAATTGTTACTTTCCTTTACAATCATATGCTTTCCAACCCACTAATGGTGTT,0.32318157441643847,2,W60603617
2,270,ATCTATCAGGCCGGTAGCACACCTTGTAATGGTGTTGAAGGTTTTAATTGTTACTTTCCTTTACAATCATATGGTTTACAACCCACTAATGGTGTT,0.19052188884811877,3,W60603617
0,289,ATCTATCAGGCCAGTAGCACACCTTGTAATGGTGTTGAAGGTTTTAATTGTTACTTTCCTTTACAATCATATGGTTTCCAACCCACTAATGGTGTT,0.21599563524391063,1,W60603833
1,287,ATCTATCAGGCCGGTAGCACACCTTGTAATGGTGTTGAAGGTTTTAATTGTTACTTTCCTTTACAATCATATGCTTTCCAACCCACTAATGGTGTT,0.2145008557612538,2,W60603833
2,264,ATCTATCAGGCCGGTAGCACACCTTGTAATGGTGTTGAAGGTTTTAATTGTTACTTTCCTTTACAATCATATTGTTTCCAACCCACTAATGGTGTT,0.1973108917107004,3,W60603833
3,257,ATCTATCAGGCCGGTAGCACATCTTGTAATGGTGTTGAAGGTTTTAATTGTTACTTTCCTTTACAATCATATGGTTTCCAACCCACTAATGGTGTT,0.1920791635214015,4,W60603833
0,289,ATCTATCAGGCCAGTAGCACACCTTGTAATGGTGTTGAAGGTTTTAATTGTTACTTTCCTTTACAATCATATGGTTTCCAACCCACTAATGGTGTT,0.21599563524391063,1,W60603833
1,287,ATCTATCAGGCCGGTAGCACACCTTGTAATGGTGTTGAAGGTTTTAATTGTTACTTTCCTTTACAATCATATGCTTTCCAACCCACTAATGGTGTT,0.2145008557612538,2,W60603833
2,264,ATCTATCAGGCCGGTAGCACACCTTGTAATGGTGTTGAAGGTTTTAATTGTTACTTTCCTTTACAATCATATTGTTTCCAACCCACTAATGGTGTT,0.1973108917107004,3,W60603833
3,257,ATCTATCAGGCCGGTAGCACATCTTGTAATGGTGTTGAAGGTTTTAATTGTTACTTTCCTTTACAATCATATGGTTTCCAACCCACTAATGGTGTT,0.1920791635214015,4,W60603833
0,289,ATCTATCAGGCCAGTAGCACACCTTGTAATGGTGTTGAAGGTTTTAATTGTTACTTTCCTTTACAATCATATGGTTTCCAACCCACTAATGGTGTT,0.21599563524391063,1,W60603833
1,287,ATCTATCAGGCCGGTAGCACACCTTGTAATGGTGTTGAAGGTTTTAATTGTTACTTTCCTTTACAATCATATGCTTTCCAACCCACTAATGGTGTT,0.2145008557612538,2,W60603833
2,264,ATCTATCAGGCCGGTAGCACACCTTGTAATGGTGTTGAAGGTTTTAATTGTTACTTTCCTTTACAATCATATTGTTTCCAACCCACTAATGGTGTT,0.1973108917107004,3,W60603833
3,257,ATCTATCAGGCCGGTAGCACATCTTGTAATGGTGTTGAAGGTTTTAATTGTTACTTTCCTTTACAATCATATGGTTTCCAACCCACTAATGGTGTT,0.1920791635214015,4,W60603833
0,289,ATCTATCAGGCCAGTAGCACACCTTGTAATGGTGTTGAAGGTTTTAATTGTTACTTTCCTTTACAATCATATGGTTTCCAACCCACTAATGGTGTT,0.21599563524391063,1,W60603833
1,287,ATCTATCAGGCCGGTAGCACACCTTGTAATGGTGTTGAAGGTTTTAATTGTTACTTTCCTTTACAATCATATGCTTTCCAACCCACTAATGGTGTT,0.2145008557612538,2,W60603833
2,264,ATCTATCAGGCCGGTAGCACACCTTGTAATGGTGTTGAAGGTTTTAATTGTTACTTTCCTTTACAATCATATTGTTTCCAACCCACTAATGGTGTT,0.1973108917107004,3,W60603833
3,257,ATCTATCAGGCCGGTAGCACATCTTGTAATGGTGTTGAAGGTTTTAATTGTTACTTTCCTTTACAATCATATGGTTTCCAACCCACTAATGGTGTT,0.1920791635214015,4,W60603833
0,351,ATCTATCAGGCCGGTAGCACACCTTGTAATGGTGTTGAAGGTTTTAATTGTTACTTTCCTTTACAATCATATGGTTTACAACCCACTAATGGTGTT,0.41484458101879207,1,W60603834
1,304,ATCTATCAGGCCGGTAGCACACCTTGTAATGGTGTTGAAGGTTTTAATTGTTACTTTCCTTTACAATCATATTGTTTCCAACCCACTAATGGTGTT,0.35929559153764334,2,W60603834
2,176,ATCTATCAGGCCGGTAGCACACCTTGTAATGGTGTTGAAGGTTTTAATTGTTACTTTCCTTTACAATCATATGCTTTCCAACCCACTAATGGTGTT,0.208013237206004,3,W60603834
0,351,ATCTATCAGGCCGGTAGCACACCTTGTAATGGTGTTGAAGGTTTTAATTGTTACTTTCCTTTACAATCATATGGTTTACAACCCACTAATGGTGTT,0.41484458101879207,1,W60603834
1,304,ATCTATCAGGCCGGTAGCACACCTTGTAATGGTGTTGAAGGTTTTAATTGTTACTTTCCTTTACAATCATATTGTTTCCAACCCACTAATGGTGTT,0.35929559153764334,2,W60603834
2,176,ATCTATCAGGCCGGTAGCACACCTTGTAATGGTGTTGAAGGTTTTAATTGTTACTTTCCTTTACAATCATATGCTTTCCAACCCACTAATGGTGTT,0.208013237206004,3,W60603834
0,351,ATCTATCAGGCCGGTAGCACACCTTGTAATGGTGTTGAAGGTTTTAATTGTTACTTTCCTTTACAATCATATGGTTTACAACCCACTAATGGTGTT,0.41484458101879207,1,W60603834
1,304,ATCTATCAGGCCGGTAGCACACCTTGTAATGGTGTTGAAGGTTTTAATTGTTACTTTCCTTTACAATCATATTGTTTCCAACCCACTAATGGTGTT,0.35929559153764334,2,W60603834
2,176,ATCTATCAGGCCGGTAGCACACCTTGTAATGGTGTTGAAGGTTTTAATTGTTACTTTCCTTTACAATCATATGCTTTCCAACCCACTAATGGTGTT,0.208013237206004,3,W60603834
0,477,ATCTATCAGGCCGGTAGCACACCTTGTAATGGTGTTGAAGGTTTTAATTGTTACTTTCTTTTACAATCATATGGTTTCCAACCCACTAATGGTGTT,0.8230949751518498,1,W60603839
1,467,ATCTATCAGGCCGGTAGCACACCTTGTAATGGTGTTGAAGGTTTTAATTGTTATTTTCCTTTACAATCATATGGTTTCCAACCCACTAATGGTGTT,0.8058393152954169,2,W60603839
2,333,ATCTATCAGGCCGGTAGCACACCTTGTAATGGTGTTGAAGGTTTTAATTGTTACTTTCCTTTAACAATCATATGGTTTCCAACCCACTAATGGTGT,0.574613473219216,3,W60603839
3,197,ATCTATCAGACCGGTAGCACACCTTGTAATGGTGTTGAAGGTTTTAATTGTTACTTTCCTTTACAATCATATGGTTTCCAACCCACTAATGGTGTT,0.3399364991717283,4,W60603839
4,110,ATCTATCAGGCCGGTAGCACACCTTGTAATGGTGTTGAAGGTTTTAATTGTTACTTTCCTTTACAATCATATGCTTTCCAACCCACTAATGGTGTT,0.18981225842076202,5,W60603839
0,477,ATCTATCAGGCCGGTAGCACACCTTGTAATGGTGTTGAAGGTTTTAATTGTTACTTTCTTTTACAATCATATGGTTTCCAACCCACTAATGGTGTT,0.8230949751518498,1,W60603839
1,467,ATCTATCAGGCCGGTAGCACACCTTGTAATGGTGTTGAAGGTTTTAATTGTTATTTTCCTTTACAATCATATGGTTTCCAACCCACTAATGGTGTT,0.8058393152954169,2,W60603839
2,333,ATCTATCAGGCCGGTAGCACACCTTGTAATGGTGTTGAAGGTTTTAATTGTTACTTTCCTTTAACAATCATATGGTTTCCAACCCACTAATGGTGT,0.574613473219216,3,W60603839
3,197,ATCTATCAGACCGGTAGCACACCTTGTAATGGTGTTGAAGGTTTTAATTGTTACTTTCCTTTACAATCATATGGTTTCCAACCCACTAATGGTGTT,0.3399364991717283,4,W60603839
4,110,ATCTATCAGGCCGGTAGCACACCTTGTAATGGTGTTGAAGGTTTTAATTGTTACTTTCCTTTACAATCATATGCTTTCCAACCCACTAATGGTGTT,0.18981225842076202,5,W60603839
0,477,ATCTATCAGGCCGGTAGCACACCTTGTAATGGTGTTGAAGGTTTTAATTGTTACTTTCTTTTACAATCATATGGTTTCCAACCCACTAATGGTGTT,0.8230949751518498,1,W60603839
1,467,ATCTATCAGGCCGGTAGCACACCTTGTAATGGTGTTGAAGGTTTTAATTGTTATTTTCCTTTACAATCATATGGTTTCCAACCCACTAATGGTGTT,0.8058393152954169,2,W60603839
2,333,ATCTATCAGGCCGGTAGCACACCTTGTAATGGTGTTGAAGGTTTTAATTGTTACTTTCCTTTAACAATCATATGGTTTCCAACCCACTAATGGTGT,0.574613473219216,3,W60603839
3,197,ATCTATCAGACCGGTAGCACACCTTGTAATGGTGTTGAAGGTTTTAATTGTTACTTTCCTTTACAATCATATGGTTTCCAACCCACTAATGGTGTT,0.3399364991717283,4,W60603839
4,110,ATCTATCAGGCCGGTAGCACACCTTGTAATGGTGTTGAAGGTTTTAATTGTTACTTTCCTTTACAATCATATGCTTTCCAACCCACTAATGGTGTT,0.18981225842076202,5,W60603839
0,477,ATCTATCAGGCCGGTAGCACACCTTGTAATGGTGTTGAAGGTTTTAATTGTTACTTTCTTTTACAATCATATGGTTTCCAACCCACTAATGGTGTT,0.8230949751518498,1,W60603839
1,467,ATCTATCAGGCCGGTAGCACACCTTGTAATGGTGTTGAAGGTTTTAATTGTTATTTTCCTTTACAATCATATGGTTTCCAACCCACTAATGGTGTT,0.8058393152954169,2,W60603839
2,333,ATCTATCAGGCCGGTAGCACACCTTGTAATGGTGTTGAAGGTTTTAATTGTTACTTTCCTTTAACAATCATATGGTTTCCAACCCACTAATGGTGT,0.574613473219216,3,W60603839
3,197,ATCTATCAGACCGGTAGCACACCTTGTAATGGTGTTGAAGGTTTTAATTGTTACTTTCCTTTACAATCATATGGTTTCCAACCCACTAATGGTGTT,0.3399364991717283,4,W60603839
4,110,ATCTATCAGGCCGGTAGCACACCTTGTAATGGTGTTGAAGGTTTTAATTGTTACTTTCCTTTACAATCATATGCTTTCCAACCCACTAATGGTGTT,0.18981225842076202,5,W60603839
0,477,ATCTATCAGGCCGGTAGCACACCTTGTAATGGTGTTGAAGGTTTTAATTGTTACTTTCTTTTACAATCATATGGTTTCCAACCCACTAATGGTGTT,0.8230949751518498,1,W60603839
1,467,ATCTATCAGGCCGGTAGCACACCTTGTAATGGTGTTGAAGGTTTTAATTGTTATTTTCCTTTACAATCATATGGTTTCCAACCCACTAATGGTGTT,0.8058393152954169,2,W60603839
2,333,ATCTATCAGGCCGGTAGCACACCTTGTAATGGTGTTGAAGGTTTTAATTGTTACTTTCCTTTAACAATCATATGGTTTCCAACCCACTAATGGTGT,0.574613473219216,3,W60603839
3,197,ATCTATCAGACCGGTAGCACACCTTGTAATGGTGTTGAAGGTTTTAATTGTTACTTTCCTTTACAATCATATGGTTTCCAACCCACTAATGGTGTT,0.3399364991717283,4,W60603839
4,110,ATCTATCAGGCCGGTAGCACACCTTGTAATGGTGTTGAAGGTTTTAATTGTTACTTTCCTTTACAATCATATGCTTTCCAACCCACTAATGGTGTT,0.18981225842076202,5,W60603839
0,320,ATCTATCAGGCCGGTAGCACACCTTGTAATGGTGTTGAAGGTTTTAATTGTTACTTTCCTTTACAATCATATGCTTTCCAACCCACTAATGGTGTT,0.23687561069493385,1,W60603844
1,284,ATCTATCAGGCCGGTAGCACACCTTGTAATGGTGTTGAAGGTTTTAATTGTTACTTTCCTTTACAATCATATTGTTTCCAACCCACTAATGGTGTT,0.21022710449175377,2,W60603844
2,281,ATCTATCAGGCCGGTAGCACACCTTGTAATGGTGTTGAAGGTTTTAATTGTTACTTTCCTTTACAATCATATGGTTTACAACCCACTAATGGTGTT,0.20800639564148873,3,W60603844
0,320,ATCTATCAGGCCGGTAGCACACCTTGTAATGGTGTTGAAGGTTTTAATTGTTACTTTCCTTTACAATCATATGCTTTCCAACCCACTAATGGTGTT,0.23687561069493385,1,W60603844
1,284,ATCTATCAGGCCGGTAGCACACCTTGTAATGGTGTTGAAGGTTTTAATTGTTACTTTCCTTTACAATCATATTGTTTCCAACCCACTAATGGTGTT,0.21022710449175377,2,W60603844
2,281,ATCTATCAGGCCGGTAGCACACCTTGTAATGGTGTTGAAGGTTTTAATTGTTACTTTCCTTTACAATCATATGGTTTACAACCCACTAATGGTGTT,0.20800639564148873,3,W60603844
0,320,ATCTATCAGGCCGGTAGCACACCTTGTAATGGTGTTGAAGGTTTTAATTGTTACTTTCCTTTACAATCATATGCTTTCCAACCCACTAATGGTGTT,0.23687561069493385,1,W60603844
1,284,ATCTATCAGGCCGGTAGCACACCTTGTAATGGTGTTGAAGGTTTTAATTGTTACTTTCCTTTACAATCATATTGTTTCCAACCCACTAATGGTGTT,0.21022710449175377,2,W60603844
2,281,ATCTATCAGGCCGGTAGCACACCTTGTAATGGTGTTGAAGGTTTTAATTGTTACTTTCCTTTACAATCATATGGTTTACAACCCACTAATGGTGTT,0.20800639564148873,3,W60603844
0,187,ATCTATCAGGCCGGTAGCACACCTTGTAATGGTGTTGAAGGTTTTAATTGTTACTTTCCTTTACAATCATATGGTTTACAACCCACTAATGGTGTT,0.3097924225104783,1,W60603914
1,146,ATCTATCAGGCCGGTAGCACACCTTGTAATGGTGTTGAAGGTTTTAATTGTTACTTTCCTTTACAATCATATGGTTTCCAACCCACTAATTGTGTT,0.24187001971406324,2,W60603914
2,124,ATCTATCAGGCCGGTAGCACACCTTGTAATGGTGTTGAAGGTTTTAATTGTTACTTTCCTTTACAATCATATGCTTTCCAACCCACTAATGGTGTT,0.20542385235988933,3,W60603914
0,187,ATCTATCAGGCCGGTAGCACACCTTGTAATGGTGTTGAAGGTTTTAATTGTTACTTTCCTTTACAATCATATGGTTTACAACCCACTAATGGTGTT,0.3097924225104783,1,W60603914
1,146,ATCTATCAGGCCGGTAGCACACCTTGTAATGGTGTTGAAGGTTTTAATTGTTACTTTCCTTTACAATCATATGGTTTCCAACCCACTAATTGTGTT,0.24187001971406324,2,W60603914
2,124,ATCTATCAGGCCGGTAGCACACCTTGTAATGGTGTTGAAGGTTTTAATTGTTACTTTCCTTTACAATCATATGCTTTCCAACCCACTAATGGTGTT,0.20542385235988933,3,W60603914
0,187,ATCTATCAGGCCGGTAGCACACCTTGTAATGGTGTTGAAGGTTTTAATTGTTACTTTCCTTTACAATCATATGGTTTACAACCCACTAATGGTGTT,0.3097924225104783,1,W60603914
1,146,ATCTATCAGGCCGGTAGCACACCTTGTAATGGTGTTGAAGGTTTTAATTGTTACTTTCCTTTACAATCATATGGTTTCCAACCCACTAATTGTGTT,0.24187001971406324,2,W60603914
2,124,ATCTATCAGGCCGGTAGCACACCTTGTAATGGTGTTGAAGGTTTTAATTGTTACTTTCCTTTACAATCATATGCTTTCCAACCCACTAATGGTGTT,0.20542385235988933,3,W60603914
0,730,ATCTATCAGGCCGGTAGCACACCTTGTAATGGTGTTGAAGGTTTTAATTGTTACTTTCCTTTACAATCATATGGTTTACAACCCACTAATGGTGTT,0.41071227635872626,1,W60603921
1,588,ATCTATCAGGCCGGTAGCACACCTTGTAATGGTGTTGAAGGTTTTAATTGTTACTTTCCTTTACAATCATATTGTTTCCAACCCACTAATGGTGTT,0.3308202993136041,2,W60603921
2,359,ATCTATCAGGCCGGTAGCACACCTTGTAATGGTGTTGAAGGTTTTAATTGTTACTTTCCTTTACAATCATATGCTTTCCAACCCACTAATGGTGTT,0.20198042083942835,3,W60603921
0,730,ATCTATCAGGCCGGTAGCACACCTTGTAATGGTGTTGAAGGTTTTAATTGTTACTTTCCTTTACAATCATATGGTTTACAACCCACTAATGGTGTT,0.41071227635872626,1,W60603921
1,588,ATCTATCAGGCCGGTAGCACACCTTGTAATGGTGTTGAAGGTTTTAATTGTTACTTTCCTTTACAATCATATTGTTTCCAACCCACTAATGGTGTT,0.3308202993136041,2,W60603921
2,359,ATCTATCAGGCCGGTAGCACACCTTGTAATGGTGTTGAAGGTTTTAATTGTTACTTTCCTTTACAATCATATGCTTTCCAACCCACTAATGGTGTT,0.20198042083942835,3,W60603921
0,730,ATCTATCAGGCCGGTAGCACACCTTGTAATGGTGTTGAAGGTTTTAATTGTTACTTTCCTTTACAATCATATGGTTTACAACCCACTAATGGTGTT,0.41071227635872626,1,W60603921
1,588,ATCTATCAGGCCGGTAGCACACCTTGTAATGGTGTTGAAGGTTTTAATTGTTACTTTCCTTTACAATCATATTGTTTCCAACCCACTAATGGTGTT,0.3308202993136041,2,W60603921
2,359,ATCTATCAGGCCGGTAGCACACCTTGTAATGGTGTTGAAGGTTTTAATTGTTACTTTCCTTTACAATCATATGCTTTCCAACCCACTAATGGTGTT,0.20198042083942835,3,W60603921
0,405,ATCTATCAGGCCGGTAGCACACCTTGTAATGGTGTTGAAGGTTTTAATTGTTACTTTCCTTTACAATCATATGGTTTACAACCCACTAATGGTGTT,0.22902835427576146,1,W60603923
1,322,ATCTATCAGGCCGGTAGCACACCTTGTAATGGTGTTGAAGGTTTTAATTGTTACTTTCCTTTACAATCATATTGTTTCCAACCCACTAATGGTGTT,0.18209167920196342,2,W60603923
0,405,ATCTATCAGGCCGGTAGCACACCTTGTAATGGTGTTGAAGGTTTTAATTGTTACTTTCCTTTACAATCATATGGTTTACAACCCACTAATGGTGTT,0.22902835427576146,1,W60603923
1,322,ATCTATCAGGCCGGTAGCACACCTTGTAATGGTGTTGAAGGTTTTAATTGTTACTTTCCTTTACAATCATATTGTTTCCAACCCACTAATGGTGTT,0.18209167920196342,2,W60603923
0,393,ATCTATCAGGCCGGTAGCACACCTTGTAATGGTGTTGAAGGTTTTAATTGTTACTTTCCTTTACAACCATATGGTTTCCAACCCACTAATGGTGTT,0.33069395242382676,1,W60603936
1,230,ATCTATCAGGCCGGTAGCACACCTTGTAATGGTGTTGAAGGTTTTAATTGTTACTTTCCTTTACAATCATATGCTTTCCAACCCACTAATGGTGTT,0.19353590090961872,2,W60603936
2,228,ATCTATCAGGCCGGTAGCACACCTTGTAATGGTGTTGAAGGTTTTAATTGTTACTTTCCTTTACAATCATATTGTTTCCAACCCACTAATGGTGTT,0.19185298003214377,3,W60603936
3,218,ATCTATCAGGCCGGTAGCACACCTTGTAATGGTGTTGAAGGTTTTAATTGTTACTTTCCTTTACAATCATATGGTTTACAACCCACTAATGGTGTT,0.18343837564476906,4,W60603936
0,393,ATCTATCAGGCCGGTAGCACACCTTGTAATGGTGTTGAAGGTTTTAATTGTTACTTTCCTTTACAACCATATGGTTTCCAACCCACTAATGGTGTT,0.33069395242382676,1,W60603936
1,230,ATCTATCAGGCCGGTAGCACACCTTGTAATGGTGTTGAAGGTTTTAATTGTTACTTTCCTTTACAATCATATGCTTTCCAACCCACTAATGGTGTT,0.19353590090961872,2,W60603936
2,228,ATCTATCAGGCCGGTAGCACACCTTGTAATGGTGTTGAAGGTTTTAATTGTTACTTTCCTTTACAATCATATTGTTTCCAACCCACTAATGGTGTT,0.19185298003214377,3,W60603936
3,218,ATCTATCAGGCCGGTAGCACACCTTGTAATGGTGTTGAAGGTTTTAATTGTTACTTTCCTTTACAATCATATGGTTTACAACCCACTAATGGTGTT,0.18343837564476906,4,W60603936
0,393,ATCTATCAGGCCGGTAGCACACCTTGTAATGGTGTTGAAGGTTTTAATTGTTACTTTCCTTTACAACCATATGGTTTCCAACCCACTAATGGTGTT,0.33069395242382676,1,W60603936
1,230,ATCTATCAGGCCGGTAGCACACCTTGTAATGGTGTTGAAGGTTTTAATTGTTACTTTCCTTTACAATCATATGCTTTCCAACCCACTAATGGTGTT,0.19353590090961872,2,W60603936
2,228,ATCTATCAGGCCGGTAGCACACCTTGTAATGGTGTTGAAGGTTTTAATTGTTACTTTCCTTTACAATCATATTGTTTCCAACCCACTAATGGTGTT,0.19185298003214377,3,W60603936
3,218,ATCTATCAGGCCGGTAGCACACCTTGTAATGGTGTTGAAGGTTTTAATTGTTACTTTCCTTTACAATCATATGGTTTACAACCCACTAATGGTGTT,0.18343837564476906,4,W60603936
0,393,ATCTATCAGGCCGGTAGCACACCTTGTAATGGTGTTGAAGGTTTTAATTGTTACTTTCCTTTACAACCATATGGTTTCCAACCCACTAATGGTGTT,0.33069395242382676,1,W60603936
1,230,ATCTATCAGGCCGGTAGCACACCTTGTAATGGTGTTGAAGGTTTTAATTGTTACTTTCCTTTACAATCATATGCTTTCCAACCCACTAATGGTGTT,0.19353590090961872,2,W60603936
2,228,ATCTATCAGGCCGGTAGCACACCTTGTAATGGTGTTGAAGGTTTTAATTGTTACTTTCCTTTACAATCATATTGTTTCCAACCCACTAATGGTGTT,0.19185298003214377,3,W60603936
3,218,ATCTATCAGGCCGGTAGCACACCTTGTAATGGTGTTGAAGGTTTTAATTGTTACTTTCCTTTACAATCATATGGTTTACAACCCACTAATGGTGTT,0.18343837564476906,4,W60603936
0,618,ATCTATCAGGCCGGTAGCACACCTTGTAATGGTGTTGAAGGTTTTAATTGTTACTTTCCTTTACAATCATATGCTTTCCAACCCACTAATGGTGTT,0.21313725625444038,1,W60603941
1,551,ATCTATCAGGCCGGTAGCACACCTTGTAATGGTGTTGAAGGTTTTAATTGTTACTTTCCTTTACAATCATATTGTTTCCAACCCACTAATGGTGTT,0.1900301427122923,2,W60603941
0,618,ATCTATCAGGCCGGTAGCACACCTTGTAATGGTGTTGAAGGTTTTAATTGTTACTTTCCTTTACAATCATATGCTTTCCAACCCACTAATGGTGTT,0.21313725625444038,1,W60603941
1,551,ATCTATCAGGCCGGTAGCACACCTTGTAATGGTGTTGAAGGTTTTAATTGTTACTTTCCTTTACAATCATATTGTTTCCAACCCACTAATGGTGTT,0.1900301427122923,2,W60603941
0,350,ATCTATCAGGCCGGTAGCACACCTTGTAATGGTGTTGAAGGTTTTAATTGTTACTTTCCTTTACAATCATATTGTTTCCAACCCACTAATGGTGTT,0.22698825497914948,1,W60603976
1,348,ATCTATCAGGCCGGTAGCACACCTTGTAATGGTGTTGAAGGTTTTAATTGTTACTTTCCTTTACAATCATATGGTTTACAACCCACTAATGGTGTT,0.22569117923641152,2,W60603976
2,288,ATCTATCAGGCCGGTAGCACACCTTGTAATGGTGTTGAAGGTTTTAATTGTTACTTTCCTTTACAATCATATGCTTTCCAACCCACTAATGGTGTT,0.1867789069542716,3,W60603976
0,350,ATCTATCAGGCCGGTAGCACACCTTGTAATGGTGTTGAAGGTTTTAATTGTTACTTTCCTTTACAATCATATTGTTTCCAACCCACTAATGGTGTT,0.22698825497914948,1,W60603976
1,348,ATCTATCAGGCCGGTAGCACACCTTGTAATGGTGTTGAAGGTTTTAATTGTTACTTTCCTTTACAATCATATGGTTTACAACCCACTAATGGTGTT,0.22569117923641152,2,W60603976
2,288,ATCTATCAGGCCGGTAGCACACCTTGTAATGGTGTTGAAGGTTTTAATTGTTACTTTCCTTTACAATCATATGCTTTCCAACCCACTAATGGTGTT,0.1867789069542716,3,W60603976
0,350,ATCTATCAGGCCGGTAGCACACCTTGTAATGGTGTTGAAGGTTTTAATTGTTACTTTCCTTTACAATCATATTGTTTCCAACCCACTAATGGTGTT,0.22698825497914948,1,W60603976
1,348,ATCTATCAGGCCGGTAGCACACCTTGTAATGGTGTTGAAGGTTTTAATTGTTACTTTCCTTTACAATCATATGGTTTACAACCCACTAATGGTGTT,0.22569117923641152,2,W60603976
2,288,ATCTATCAGGCCGGTAGCACACCTTGTAATGGTGTTGAAGGTTTTAATTGTTACTTTCCTTTACAATCATATGCTTTCCAACCCACTAATGGTGTT,0.1867789069542716,3,W60603976
0,197,ATCTATCAGGCCGGTAGCACACCTTGTAATGGTGTTGAAGGTTTTAATTGTTACTTTCCTTTACAATCATATGCTTTCCAACCCACTAATGGTGTT,0.29550295502955026,1,W60604002
1,185,ATCTATCAGGCCGGTAGCACACCTTGTAATGGTGTTGAAGGTTTTAATTGTTACTTTCCTTTACAATCATATTGTTTCCAACCCACTAATGGTGTT,0.2775027750277503,2,W60604002
2,182,ATCTATCAGGCCGGTAGCACACCTTGTAATGGTGTTGAAGGTTTTAATTGTTACTTTCCTTTACAATCATATGTTTTCCAACCCACTAATGGTGTT,0.27300273002730024,3,W60604002
3,177,ATCTATCAGGCCGGTAGCACACCTTGTAATGGTGTTGAAGGTTTTAATTGTTACTTTCCTTTACAATCATATGGTTTACAACCCACTAATGGTGTT,0.2655026550265503,4,W60604002
4,145,ATCTATTAGGCCGGTAGCACACCTTGTAATGGTGTTGAAGGTTTTAATTGTTACTTTCCTTTACAATCATATGGTTTCCAACCCACTAATGGTGTT,0.21750217502175023,5,W60604002
0,197,ATCTATCAGGCCGGTAGCACACCTTGTAATGGTGTTGAAGGTTTTAATTGTTACTTTCCTTTACAATCATATGCTTTCCAACCCACTAATGGTGTT,0.29550295502955026,1,W60604002
1,185,ATCTATCAGGCCGGTAGCACACCTTGTAATGGTGTTGAAGGTTTTAATTGTTACTTTCCTTTACAATCATATTGTTTCCAACCCACTAATGGTGTT,0.2775027750277503,2,W60604002
2,182,ATCTATCAGGCCGGTAGCACACCTTGTAATGGTGTTGAAGGTTTTAATTGTTACTTTCCTTTACAATCATATGTTTTCCAACCCACTAATGGTGTT,0.27300273002730024,3,W60604002
3,177,ATCTATCAGGCCGGTAGCACACCTTGTAATGGTGTTGAAGGTTTTAATTGTTACTTTCCTTTACAATCATATGGTTTACAACCCACTAATGGTGTT,0.2655026550265503,4,W60604002
4,145,ATCTATTAGGCCGGTAGCACACCTTGTAATGGTGTTGAAGGTTTTAATTGTTACTTTCCTTTACAATCATATGGTTTCCAACCCACTAATGGTGTT,0.21750217502175023,5,W60604002
0,197,ATCTATCAGGCCGGTAGCACACCTTGTAATGGTGTTGAAGGTTTTAATTGTTACTTTCCTTTACAATCATATGCTTTCCAACCCACTAATGGTGTT,0.29550295502955026,1,W60604002
1,185,ATCTATCAGGCCGGTAGCACACCTTGTAATGGTGTTGAAGGTTTTAATTGTTACTTTCCTTTACAATCATATTGTTTCCAACCCACTAATGGTGTT,0.2775027750277503,2,W60604002
2,182,ATCTATCAGGCCGGTAGCACACCTTGTAATGGTGTTGAAGGTTTTAATTGTTACTTTCCTTTACAATCATATGTTTTCCAACCCACTAATGGTGTT,0.27300273002730024,3,W60604002
3,177,ATCTATCAGGCCGGTAGCACACCTTGTAATGGTGTTGAAGGTTTTAATTGTTACTTTCCTTTACAATCATATGGTTTACAACCCACTAATGGTGTT,0.2655026550265503,4,W60604002
4,145,ATCTATTAGGCCGGTAGCACACCTTGTAATGGTGTTGAAGGTTTTAATTGTTACTTTCCTTTACAATCATATGGTTTCCAACCCACTAATGGTGTT,0.21750217502175023,5,W60604002
0,197,ATCTATCAGGCCGGTAGCACACCTTGTAATGGTGTTGAAGGTTTTAATTGTTACTTTCCTTTACAATCATATGCTTTCCAACCCACTAATGGTGTT,0.29550295502955026,1,W60604002
1,185,ATCTATCAGGCCGGTAGCACACCTTGTAATGGTGTTGAAGGTTTTAATTGTTACTTTCCTTTACAATCATATTGTTTCCAACCCACTAATGGTGTT,0.2775027750277503,2,W60604002
2,182,ATCTATCAGGCCGGTAGCACACCTTGTAATGGTGTTGAAGGTTTTAATTGTTACTTTCCTTTACAATCATATGTTTTCCAACCCACTAATGGTGTT,0.27300273002730024,3,W60604002
3,177,ATCTATCAGGCCGGTAGCACACCTTGTAATGGTGTTGAAGGTTTTAATTGTTACTTTCCTTTACAATCATATGGTTTACAACCCACTAATGGTGTT,0.2655026550265503,4,W60604002
4,145,ATCTATTAGGCCGGTAGCACACCTTGTAATGGTGTTGAAGGTTTTAATTGTTACTTTCCTTTACAATCATATGGTTTCCAACCCACTAATGGTGTT,0.21750217502175023,5,W60604002
0,197,ATCTATCAGGCCGGTAGCACACCTTGTAATGGTGTTGAAGGTTTTAATTGTTACTTTCCTTTACAATCATATGCTTTCCAACCCACTAATGGTGTT,0.29550295502955026,1,W60604002
1,185,ATCTATCAGGCCGGTAGCACACCTTGTAATGGTGTTGAAGGTTTTAATTGTTACTTTCCTTTACAATCATATTGTTTCCAACCCACTAATGGTGTT,0.2775027750277503,2,W60604002
2,182,ATCTATCAGGCCGGTAGCACACCTTGTAATGGTGTTGAAGGTTTTAATTGTTACTTTCCTTTACAATCATATGTTTTCCAACCCACTAATGGTGTT,0.27300273002730024,3,W60604002
3,177,ATCTATCAGGCCGGTAGCACACCTTGTAATGGTGTTGAAGGTTTTAATTGTTACTTTCCTTTACAATCATATGGTTTACAACCCACTAATGGTGTT,0.2655026550265503,4,W60604002
4,145,ATCTATTAGGCCGGTAGCACACCTTGTAATGGTGTTGAAGGTTTTAATTGTTACTTTCCTTTACAATCATATGGTTTCCAACCCACTAATGGTGTT,0.21750217502175023,5,W60604002
0,575,ATCTATCAGGCCGGTAGCACACCTTGTAATGGTGTTGAAGGTTTTAATTGTTACTTTCCTTTACAATCATATGGTTTACAACCCACTAATGGTGTT,0.3621317277777078,1,W60604039
1,564,ATCTATCAGGCCGGTAGCACACCTTGTAATGGTGTTGAAGGTTTTAATTGTTACTTTCCTTTACAATCATATTGTTTCCAACCCACTAATGGTGTT,0.355203990376743,2,W60604039
2,307,ATCTATCAGGCCGGTAGCACACCTTGTAATGGTGTTGAAGGTTTTAATTGTTACTTTCCTTTACAATCATATGCTTTCCAACCCACTAATGGTGTT,0.19334685291783704,3,W60604039
0,575,ATCTATCAGGCCGGTAGCACACCTTGTAATGGTGTTGAAGGTTTTAATTGTTACTTTCCTTTACAATCATATGGTTTACAACCCACTAATGGTGTT,0.3621317277777078,1,W60604039
1,564,ATCTATCAGGCCGGTAGCACACCTTGTAATGGTGTTGAAGGTTTTAATTGTTACTTTCCTTTACAATCATATTGTTTCCAACCCACTAATGGTGTT,0.355203990376743,2,W60604039
2,307,ATCTATCAGGCCGGTAGCACACCTTGTAATGGTGTTGAAGGTTTTAATTGTTACTTTCCTTTACAATCATATGCTTTCCAACCCACTAATGGTGTT,0.19334685291783704,3,W60604039
0,575,ATCTATCAGGCCGGTAGCACACCTTGTAATGGTGTTGAAGGTTTTAATTGTTACTTTCCTTTACAATCATATGGTTTACAACCCACTAATGGTGTT,0.3621317277777078,1,W60604039
1,564,ATCTATCAGGCCGGTAGCACACCTTGTAATGGTGTTGAAGGTTTTAATTGTTACTTTCCTTTACAATCATATTGTTTCCAACCCACTAATGGTGTT,0.355203990376743,2,W60604039
2,307,ATCTATCAGGCCGGTAGCACACCTTGTAATGGTGTTGAAGGTTTTAATTGTTACTTTCCTTTACAATCATATGCTTTCCAACCCACTAATGGTGTT,0.19334685291783704,3,W60604039
0,415,ATCTATCAGGCCGGTAGCACACCTTGTAATGGTGTTGAAGGTTTTAATTGTTACTTTCCTTTACAATCATATGCTTTCCAACCCACTAATGGTGTT,0.18635688016129975,1,W60604061
0,412,ATCTATCAGGCCGGTAGCACACCTTGTAATGGTGTTGAAGGTTTTAATTGTTACTTTCCTTTACAATCATATGCTTTCCAACCCACTAATGGTGTT,0.18871640779233867,1,W60604090
0,475,ATCTATCAGGCCGGTAGCACACCTTGTAATGGTGTTGAAGGTTTTAATTGTTACTTTCCTTTACAATCATATGCTTTCCAACCCACTAATGGTGTT,0.2627226920502879,1,W60604192
1,434,ATCTATCAGGCCGGTAGCACACCTTGTAATGGTGTTGAAGGTTTTAATTGTTACTTTCCTTTACAATCATATTGTTTCCAACCCACTAATGGTGTT,0.24004557547331568,2,W60604192
2,361,ATCTATCAGGCCGGTAGCACACCTTGTAATGGTGTTGAAGGTTTTAATTGTTACTTTCCTTTACAATCATATGGTTTACAACCCACTAATGGTGTT,0.19966924595821878,3,W60604192
0,475,ATCTATCAGGCCGGTAGCACACCTTGTAATGGTGTTGAAGGTTTTAATTGTTACTTTCCTTTACAATCATATGCTTTCCAACCCACTAATGGTGTT,0.2627226920502879,1,W60604192
1,434,ATCTATCAGGCCGGTAGCACACCTTGTAATGGTGTTGAAGGTTTTAATTGTTACTTTCCTTTACAATCATATTGTTTCCAACCCACTAATGGTGTT,0.24004557547331568,2,W60604192
2,361,ATCTATCAGGCCGGTAGCACACCTTGTAATGGTGTTGAAGGTTTTAATTGTTACTTTCCTTTACAATCATATGGTTTACAACCCACTAATGGTGTT,0.19966924595821878,3,W60604192
0,475,ATCTATCAGGCCGGTAGCACACCTTGTAATGGTGTTGAAGGTTTTAATTGTTACTTTCCTTTACAATCATATGCTTTCCAACCCACTAATGGTGTT,0.2627226920502879,1,W60604192
1,434,ATCTATCAGGCCGGTAGCACACCTTGTAATGGTGTTGAAGGTTTTAATTGTTACTTTCCTTTACAATCATATTGTTTCCAACCCACTAATGGTGTT,0.24004557547331568,2,W60604192
2,361,ATCTATCAGGCCGGTAGCACACCTTGTAATGGTGTTGAAGGTTTTAATTGTTACTTTCCTTTACAATCATATGGTTTACAACCCACTAATGGTGTT,0.19966924595821878,3,W60604192
0,594,ATCTATCAGGCCGGTAGCACACCTTGTAATGGTGTTGAAGGTTTTAATTGTTACTTTCCTTTACAATCATATGCTTTCCAACCCACTAATGGTGTT,0.34620630165409677,1,W60604292
1,503,ATCTATCAGGCCGGTAGCACACCTTGTAATGGTGTTGAAGGTTTTAATTGTTACTTTCCTTTACAATCATATTGTTTCCAACCCACTAATGGTGTT,0.2931679625118025,2,W60604292
2,312,ATCTATCAGGCCGGTAGCACACCTTGTAATGGTGTTGAAGGTTTTAATTGTTACTTTCCTTTACAATCATATGGTTTACAACCCACTAATGGTGTT,0.18184573420215183,3,W60604292
0,594,ATCTATCAGGCCGGTAGCACACCTTGTAATGGTGTTGAAGGTTTTAATTGTTACTTTCCTTTACAATCATATGCTTTCCAACCCACTAATGGTGTT,0.34620630165409677,1,W60604292
1,503,ATCTATCAGGCCGGTAGCACACCTTGTAATGGTGTTGAAGGTTTTAATTGTTACTTTCCTTTACAATCATATTGTTTCCAACCCACTAATGGTGTT,0.2931679625118025,2,W60604292
2,312,ATCTATCAGGCCGGTAGCACACCTTGTAATGGTGTTGAAGGTTTTAATTGTTACTTTCCTTTACAATCATATGGTTTACAACCCACTAATGGTGTT,0.18184573420215183,3,W60604292
0,594,ATCTATCAGGCCGGTAGCACACCTTGTAATGGTGTTGAAGGTTTTAATTGTTACTTTCCTTTACAATCATATGCTTTCCAACCCACTAATGGTGTT,0.34620630165409677,1,W60604292
1,503,ATCTATCAGGCCGGTAGCACACCTTGTAATGGTGTTGAAGGTTTTAATTGTTACTTTCCTTTACAATCATATTGTTTCCAACCCACTAATGGTGTT,0.2931679625118025,2,W60604292
2,312,ATCTATCAGGCCGGTAGCACACCTTGTAATGGTGTTGAAGGTTTTAATTGTTACTTTCCTTTACAATCATATGGTTTACAACCCACTAATGGTGTT,0.18184573420215183,3,W60604292
0,342,ATCTATCAGGCCGGTAGCACACCTTGTAATGGTGTTGAAGGTTTTAATTGTTACTTTCCTTTACAATCATATTGTTTCCAACCCACTAATGGTGTT,0.24481731760394,1,W60604304
1,338,ATCTATCAGGCCGGTAGCACACCTTGTAATGGTGTTGAAGGTTTTAATTGTTACTTTCCTTTACAATCATATGGTTTACAACCCACTAATGGTGTT,0.24195395716412782,2,W60604304
2,294,ATCTATCAGGCCGGTAGCACACCTTGTAATGGTGTTGAAGGTTTTAATTGTTACTTTCCTTTACAATCATATGCTTTCCAACCCACTAATGGTGTT,0.21045699232619403,3,W60604304
0,342,ATCTATCAGGCCGGTAGCACACCTTGTAATGGTGTTGAAGGTTTTAATTGTTACTTTCCTTTACAATCATATTGTTTCCAACCCACTAATGGTGTT,0.24481731760394,1,W60604304
1,338,ATCTATCAGGCCGGTAGCACACCTTGTAATGGTGTTGAAGGTTTTAATTGTTACTTTCCTTTACAATCATATGGTTTACAACCCACTAATGGTGTT,0.24195395716412782,2,W60604304
2,294,ATCTATCAGGCCGGTAGCACACCTTGTAATGGTGTTGAAGGTTTTAATTGTTACTTTCCTTTACAATCATATGCTTTCCAACCCACTAATGGTGTT,0.21045699232619403,3,W60604304
0,342,ATCTATCAGGCCGGTAGCACACCTTGTAATGGTGTTGAAGGTTTTAATTGTTACTTTCCTTTACAATCATATTGTTTCCAACCCACTAATGGTGTT,0.24481731760394,1,W60604304
1,338,ATCTATCAGGCCGGTAGCACACCTTGTAATGGTGTTGAAGGTTTTAATTGTTACTTTCCTTTACAATCATATGGTTTACAACCCACTAATGGTGTT,0.24195395716412782,2,W60604304
2,294,ATCTATCAGGCCGGTAGCACACCTTGTAATGGTGTTGAAGGTTTTAATTGTTACTTTCCTTTACAATCATATGCTTTCCAACCCACTAATGGTGTT,0.21045699232619403,3,W60604304
0,187,ATCTATCAGGCCGGTATCACACCTTGTAATGGTGTTGAAGGTTTTAATTGTTACTTTCCTTTACAATCATATGGTTTCCAACCCACTAATGGTGTT,0.5017036460708825,1,W60604316
1,175,ATCTATCAGGACGGTAGCACACCTTGTAATGGTGTTGAAGGTTTTAATTGTTACTTTCCTTTACAATCATATGGTTTCCAACCCACTAATGGTGTT,0.4695087596920023,2,W60604316
2,148,ATCTATCAGGCCGGTAGCACACCTTGTAATGGTGTTGAAGGTTTTAATTGTTACTTTCCTTTACAATCATATGGTTTACAACCCACTAATGGTGTT,0.39707026533952194,3,W60604316
3,137,ATCTATCAGGCCGGTAGCACACCTTGTAATGGTGTTGAAGGTTTTAATTGTTACTTTCCTTTACAATCATATTGTTTCCAACCCACTAATGGTGTT,0.36755828615888175,4,W60604316
4,85,ATCTATCAGGCCGGTAGCACACCTTGTAATGGTGTTGAAGGTTTTAATTGTTACTTTCCTTTACAATCATATGCTTTCCAACCCACTAATGGTGTT,0.22804711185040108,5,W60604316
5,68,ATCTATCAGGCCGGTAGCACACCTTGTAATGGTGTTGAAGGTTTTAATTGTTACTTTCCTTACAATCATATGGTTTCCAACCCACTAATGGTGTTG,0.18243768948032088,6,W60604316
0,187,ATCTATCAGGCCGGTATCACACCTTGTAATGGTGTTGAAGGTTTTAATTGTTACTTTCCTTTACAATCATATGGTTTCCAACCCACTAATGGTGTT,0.5017036460708825,1,W60604316
1,175,ATCTATCAGGACGGTAGCACACCTTGTAATGGTGTTGAAGGTTTTAATTGTTACTTTCCTTTACAATCATATGGTTTCCAACCCACTAATGGTGTT,0.4695087596920023,2,W60604316
2,148,ATCTATCAGGCCGGTAGCACACCTTGTAATGGTGTTGAAGGTTTTAATTGTTACTTTCCTTTACAATCATATGGTTTACAACCCACTAATGGTGTT,0.39707026533952194,3,W60604316
3,137,ATCTATCAGGCCGGTAGCACACCTTGTAATGGTGTTGAAGGTTTTAATTGTTACTTTCCTTTACAATCATATTGTTTCCAACCCACTAATGGTGTT,0.36755828615888175,4,W60604316
4,85,ATCTATCAGGCCGGTAGCACACCTTGTAATGGTGTTGAAGGTTTTAATTGTTACTTTCCTTTACAATCATATGCTTTCCAACCCACTAATGGTGTT,0.22804711185040108,5,W60604316
5,68,ATCTATCAGGCCGGTAGCACACCTTGTAATGGTGTTGAAGGTTTTAATTGTTACTTTCCTTACAATCATATGGTTTCCAACCCACTAATGGTGTTG,0.18243768948032088,6,W60604316
0,187,ATCTATCAGGCCGGTATCACACCTTGTAATGGTGTTGAAGGTTTTAATTGTTACTTTCCTTTACAATCATATGGTTTCCAACCCACTAATGGTGTT,0.5017036460708825,1,W60604316
1,175,ATCTATCAGGACGGTAGCACACCTTGTAATGGTGTTGAAGGTTTTAATTGTTACTTTCCTTTACAATCATATGGTTTCCAACCCACTAATGGTGTT,0.4695087596920023,2,W60604316
2,148,ATCTATCAGGCCGGTAGCACACCTTGTAATGGTGTTGAAGGTTTTAATTGTTACTTTCCTTTACAATCATATGGTTTACAACCCACTAATGGTGTT,0.39707026533952194,3,W60604316
3,137,ATCTATCAGGCCGGTAGCACACCTTGTAATGGTGTTGAAGGTTTTAATTGTTACTTTCCTTTACAATCATATTGTTTCCAACCCACTAATGGTGTT,0.36755828615888175,4,W60604316
4,85,ATCTATCAGGCCGGTAGCACACCTTGTAATGGTGTTGAAGGTTTTAATTGTTACTTTCCTTTACAATCATATGCTTTCCAACCCACTAATGGTGTT,0.22804711185040108,5,W60604316
5,68,ATCTATCAGGCCGGTAGCACACCTTGTAATGGTGTTGAAGGTTTTAATTGTTACTTTCCTTACAATCATATGGTTTCCAACCCACTAATGGTGTTG,0.18243768948032088,6,W60604316
0,187,ATCTATCAGGCCGGTATCACACCTTGTAATGGTGTTGAAGGTTTTAATTGTTACTTTCCTTTACAATCATATGGTTTCCAACCCACTAATGGTGTT,0.5017036460708825,1,W60604316
1,175,ATCTATCAGGACGGTAGCACACCTTGTAATGGTGTTGAAGGTTTTAATTGTTACTTTCCTTTACAATCATATGGTTTCCAACCCACTAATGGTGTT,0.4695087596920023,2,W60604316
2,148,ATCTATCAGGCCGGTAGCACACCTTGTAATGGTGTTGAAGGTTTTAATTGTTACTTTCCTTTACAATCATATGGTTTACAACCCACTAATGGTGTT,0.39707026533952194,3,W60604316
3,137,ATCTATCAGGCCGGTAGCACACCTTGTAATGGTGTTGAAGGTTTTAATTGTTACTTTCCTTTACAATCATATTGTTTCCAACCCACTAATGGTGTT,0.36755828615888175,4,W60604316
4,85,ATCTATCAGGCCGGTAGCACACCTTGTAATGGTGTTGAAGGTTTTAATTGTTACTTTCCTTTACAATCATATGCTTTCCAACCCACTAATGGTGTT,0.22804711185040108,5,W60604316
5,68,ATCTATCAGGCCGGTAGCACACCTTGTAATGGTGTTGAAGGTTTTAATTGTTACTTTCCTTACAATCATATGGTTTCCAACCCACTAATGGTGTTG,0.18243768948032088,6,W60604316
0,187,ATCTATCAGGCCGGTATCACACCTTGTAATGGTGTTGAAGGTTTTAATTGTTACTTTCCTTTACAATCATATGGTTTCCAACCCACTAATGGTGTT,0.5017036460708825,1,W60604316
1,175,ATCTATCAGGACGGTAGCACACCTTGTAATGGTGTTGAAGGTTTTAATTGTTACTTTCCTTTACAATCATATGGTTTCCAACCCACTAATGGTGTT,0.4695087596920023,2,W60604316
2,148,ATCTATCAGGCCGGTAGCACACCTTGTAATGGTGTTGAAGGTTTTAATTGTTACTTTCCTTTACAATCATATGGTTTACAACCCACTAATGGTGTT,0.39707026533952194,3,W60604316
3,137,ATCTATCAGGCCGGTAGCACACCTTGTAATGGTGTTGAAGGTTTTAATTGTTACTTTCCTTTACAATCATATTGTTTCCAACCCACTAATGGTGTT,0.36755828615888175,4,W60604316
4,85,ATCTATCAGGCCGGTAGCACACCTTGTAATGGTGTTGAAGGTTTTAATTGTTACTTTCCTTTACAATCATATGCTTTCCAACCCACTAATGGTGTT,0.22804711185040108,5,W60604316
5,68,ATCTATCAGGCCGGTAGCACACCTTGTAATGGTGTTGAAGGTTTTAATTGTTACTTTCCTTACAATCATATGGTTTCCAACCCACTAATGGTGTTG,0.18243768948032088,6,W60604316
0,187,ATCTATCAGGCCGGTATCACACCTTGTAATGGTGTTGAAGGTTTTAATTGTTACTTTCCTTTACAATCATATGGTTTCCAACCCACTAATGGTGTT,0.5017036460708825,1,W60604316
1,175,ATCTATCAGGACGGTAGCACACCTTGTAATGGTGTTGAAGGTTTTAATTGTTACTTTCCTTTACAATCATATGGTTTCCAACCCACTAATGGTGTT,0.4695087596920023,2,W60604316
2,148,ATCTATCAGGCCGGTAGCACACCTTGTAATGGTGTTGAAGGTTTTAATTGTTACTTTCCTTTACAATCATATGGTTTACAACCCACTAATGGTGTT,0.39707026533952194,3,W60604316
3,137,ATCTATCAGGCCGGTAGCACACCTTGTAATGGTGTTGAAGGTTTTAATTGTTACTTTCCTTTACAATCATATTGTTTCCAACCCACTAATGGTGTT,0.36755828615888175,4,W60604316
4,85,ATCTATCAGGCCGGTAGCACACCTTGTAATGGTGTTGAAGGTTTTAATTGTTACTTTCCTTTACAATCATATGCTTTCCAACCCACTAATGGTGTT,0.22804711185040108,5,W60604316
5,68,ATCTATCAGGCCGGTAGCACACCTTGTAATGGTGTTGAAGGTTTTAATTGTTACTTTCCTTACAATCATATGGTTTCCAACCCACTAATGGTGTTG,0.18243768948032088,6,W60604316
0,211,ATCTATCAGGCCGGTAGCACACCTTGTAATGGTGTTGAAGGTTTTAATTGTTACTTCCTTTACAATCATATGGTTTCCAACCCACTAATGGTGTTG,0.43760499408922165,1,W60604925
1,195,ATCTATCAGGCCGGTAGCACACCTTGTAATGGTGTTGAAGGTTTTAATTGTTACTTTCCTTTACAATCATATGGTTTCCAACCCACTAATTGTGTT,0.4044216770018873,2,W60604925
2,167,ATTTATCAGGCCGGTAGCACACCTTGTAATGGTGTTGAAGGTTTTAATTGTTACTTTCCTTTACAATCATATGGTTTCCAACCCACTAATGGTGTT,0.34635087209905224,3,W60604925
3,147,ATCTATCAGGCCGGTAGCACACCTTGTAATGGTGTTGAAGGTTTTAATTGTTACTTTCCTTTACAATCATATGGTTTCCAACCCACTAATGGTTTT,0.30487172573988425,4,W60604925
4,122,ATCTATCAGGCCGGTAGCACACCTTGTAATGGTGTTGAAGGTTTTTTAATTGTTACTTTCCTTTACAATCATATGGTTTCCAACCCACTAATGGTG,0.2530227927909244,5,W60604925
5,115,ATCTATCAGGCCGGTAGCACACCTTGTAATGGTGTTGAAGGTTTTAATTGTTACTCTCCTTTACAATCATATGGTTTCCAACCCACTAATGGTGTT,0.23850509156521557,6,W60604925
6,103,ATCTATCAGGCCGGTAGCACACCTTGTAATGGTGTTGAAGGTTTTAATTGTTACTTTCCTTTACAATCATATGCTTTCCAACCCACTAATGGTGTT,0.21361760374971484,7,W60604925
7,102,ATCTATCAGGCCGGTAGCACACCTTGTAATGGTGTTGAAGGTTTTAATTGTTACTTTCCTTTACAATCATATGGTTTACAACCCACTAATGGTGTT,0.21154364643175644,8,W60604925
8,88,ATCTATCAGGCCGGTAGCACACCTTGTAATGGTGTTGAAGGTTTTAATTGTTACTTTCCTTTACAATCATATTGTTTCCAACCCACTAATGGTGTT,0.18250824398033888,9,W60604925
0,211,ATCTATCAGGCCGGTAGCACACCTTGTAATGGTGTTGAAGGTTTTAATTGTTACTTCCTTTACAATCATATGGTTTCCAACCCACTAATGGTGTTG,0.43760499408922165,1,W60604925
1,195,ATCTATCAGGCCGGTAGCACACCTTGTAATGGTGTTGAAGGTTTTAATTGTTACTTTCCTTTACAATCATATGGTTTCCAACCCACTAATTGTGTT,0.4044216770018873,2,W60604925
2,167,ATTTATCAGGCCGGTAGCACACCTTGTAATGGTGTTGAAGGTTTTAATTGTTACTTTCCTTTACAATCATATGGTTTCCAACCCACTAATGGTGTT,0.34635087209905224,3,W60604925
3,147,ATCTATCAGGCCGGTAGCACACCTTGTAATGGTGTTGAAGGTTTTAATTGTTACTTTCCTTTACAATCATATGGTTTCCAACCCACTAATGGTTTT,0.30487172573988425,4,W60604925
4,122,ATCTATCAGGCCGGTAGCACACCTTGTAATGGTGTTGAAGGTTTTTTAATTGTTACTTTCCTTTACAATCATATGGTTTCCAACCCACTAATGGTG,0.2530227927909244,5,W60604925
5,115,ATCTATCAGGCCGGTAGCACACCTTGTAATGGTGTTGAAGGTTTTAATTGTTACTCTCCTTTACAATCATATGGTTTCCAACCCACTAATGGTGTT,0.23850509156521557,6,W60604925
6,103,ATCTATCAGGCCGGTAGCACACCTTGTAATGGTGTTGAAGGTTTTAATTGTTACTTTCCTTTACAATCATATGCTTTCCAACCCACTAATGGTGTT,0.21361760374971484,7,W60604925
7,102,ATCTATCAGGCCGGTAGCACACCTTGTAATGGTGTTGAAGGTTTTAATTGTTACTTTCCTTTACAATCATATGGTTTACAACCCACTAATGGTGTT,0.21154364643175644,8,W60604925
8,88,ATCTATCAGGCCGGTAGCACACCTTGTAATGGTGTTGAAGGTTTTAATTGTTACTTTCCTTTACAATCATATTGTTTCCAACCCACTAATGGTGTT,0.18250824398033888,9,W60604925
0,211,ATCTATCAGGCCGGTAGCACACCTTGTAATGGTGTTGAAGGTTTTAATTGTTACTTCCTTTACAATCATATGGTTTCCAACCCACTAATGGTGTTG,0.43760499408922165,1,W60604925
1,195,ATCTATCAGGCCGGTAGCACACCTTGTAATGGTGTTGAAGGTTTTAATTGTTACTTTCCTTTACAATCATATGGTTTCCAACCCACTAATTGTGTT,0.4044216770018873,2,W60604925
2,167,ATTTATCAGGCCGGTAGCACACCTTGTAATGGTGTTGAAGGTTTTAATTGTTACTTTCCTTTACAATCATATGGTTTCCAACCCACTAATGGTGTT,0.34635087209905224,3,W60604925
3,147,ATCTATCAGGCCGGTAGCACACCTTGTAATGGTGTTGAAGGTTTTAATTGTTACTTTCCTTTACAATCATATGGTTTCCAACCCACTAATGGTTTT,0.30487172573988425,4,W60604925
4,122,ATCTATCAGGCCGGTAGCACACCTTGTAATGGTGTTGAAGGTTTTTTAATTGTTACTTTCCTTTACAATCATATGGTTTCCAACCCACTAATGGTG,0.2530227927909244,5,W60604925
5,115,ATCTATCAGGCCGGTAGCACACCTTGTAATGGTGTTGAAGGTTTTAATTGTTACTCTCCTTTACAATCATATGGTTTCCAACCCACTAATGGTGTT,0.23850509156521557,6,W60604925
6,103,ATCTATCAGGCCGGTAGCACACCTTGTAATGGTGTTGAAGGTTTTAATTGTTACTTTCCTTTACAATCATATGCTTTCCAACCCACTAATGGTGTT,0.21361760374971484,7,W60604925
7,102,ATCTATCAGGCCGGTAGCACACCTTGTAATGGTGTTGAAGGTTTTAATTGTTACTTTCCTTTACAATCATATGGTTTACAACCCACTAATGGTGTT,0.21154364643175644,8,W60604925
8,88,ATCTATCAGGCCGGTAGCACACCTTGTAATGGTGTTGAAGGTTTTAATTGTTACTTTCCTTTACAATCATATTGTTTCCAACCCACTAATGGTGTT,0.18250824398033888,9,W60604925
0,211,ATCTATCAGGCCGGTAGCACACCTTGTAATGGTGTTGAAGGTTTTAATTGTTACTTCCTTTACAATCATATGGTTTCCAACCCACTAATGGTGTTG,0.43760499408922165,1,W60604925
1,195,ATCTATCAGGCCGGTAGCACACCTTGTAATGGTGTTGAAGGTTTTAATTGTTACTTTCCTTTACAATCATATGGTTTCCAACCCACTAATTGTGTT,0.4044216770018873,2,W60604925
2,167,ATTTATCAGGCCGGTAGCACACCTTGTAATGGTGTTGAAGGTTTTAATTGTTACTTTCCTTTACAATCATATGGTTTCCAACCCACTAATGGTGTT,0.34635087209905224,3,W60604925
3,147,ATCTATCAGGCCGGTAGCACACCTTGTAATGGTGTTGAAGGTTTTAATTGTTACTTTCCTTTACAATCATATGGTTTCCAACCCACTAATGGTTTT,0.30487172573988425,4,W60604925
4,122,ATCTATCAGGCCGGTAGCACACCTTGTAATGGTGTTGAAGGTTTTTTAATTGTTACTTTCCTTTACAATCATATGGTTTCCAACCCACTAATGGTG,0.2530227927909244,5,W60604925
5,115,ATCTATCAGGCCGGTAGCACACCTTGTAATGGTGTTGAAGGTTTTAATTGTTACTCTCCTTTACAATCATATGGTTTCCAACCCACTAATGGTGTT,0.23850509156521557,6,W60604925
6,103,ATCTATCAGGCCGGTAGCACACCTTGTAATGGTGTTGAAGGTTTTAATTGTTACTTTCCTTTACAATCATATGCTTTCCAACCCACTAATGGTGTT,0.21361760374971484,7,W60604925
7,102,ATCTATCAGGCCGGTAGCACACCTTGTAATGGTGTTGAAGGTTTTAATTGTTACTTTCCTTTACAATCATATGGTTTACAACCCACTAATGGTGTT,0.21154364643175644,8,W60604925
8,88,ATCTATCAGGCCGGTAGCACACCTTGTAATGGTGTTGAAGGTTTTAATTGTTACTTTCCTTTACAATCATATTGTTTCCAACCCACTAATGGTGTT,0.18250824398033888,9,W60604925
0,211,ATCTATCAGGCCGGTAGCACACCTTGTAATGGTGTTGAAGGTTTTAATTGTTACTTCCTTTACAATCATATGGTTTCCAACCCACTAATGGTGTTG,0.43760499408922165,1,W60604925
1,195,ATCTATCAGGCCGGTAGCACACCTTGTAATGGTGTTGAAGGTTTTAATTGTTACTTTCCTTTACAATCATATGGTTTCCAACCCACTAATTGTGTT,0.4044216770018873,2,W60604925
2,167,ATTTATCAGGCCGGTAGCACACCTTGTAATGGTGTTGAAGGTTTTAATTGTTACTTTCCTTTACAATCATATGGTTTCCAACCCACTAATGGTGTT,0.34635087209905224,3,W60604925
3,147,ATCTATCAGGCCGGTAGCACACCTTGTAATGGTGTTGAAGGTTTTAATTGTTACTTTCCTTTACAATCATATGGTTTCCAACCCACTAATGGTTTT,0.30487172573988425,4,W60604925
4,122,ATCTATCAGGCCGGTAGCACACCTTGTAATGGTGTTGAAGGTTTTTTAATTGTTACTTTCCTTTACAATCATATGGTTTCCAACCCACTAATGGTG,0.2530227927909244,5,W60604925
5,115,ATCTATCAGGCCGGTAGCACACCTTGTAATGGTGTTGAAGGTTTTAATTGTTACTCTCCTTTACAATCATATGGTTTCCAACCCACTAATGGTGTT,0.23850509156521557,6,W60604925
6,103,ATCTATCAGGCCGGTAGCACACCTTGTAATGGTGTTGAAGGTTTTAATTGTTACTTTCCTTTACAATCATATGCTTTCCAACCCACTAATGGTGTT,0.21361760374971484,7,W60604925
7,102,ATCTATCAGGCCGGTAGCACACCTTGTAATGGTGTTGAAGGTTTTAATTGTTACTTTCCTTTACAATCATATGGTTTACAACCCACTAATGGTGTT,0.21154364643175644,8,W60604925
8,88,ATCTATCAGGCCGGTAGCACACCTTGTAATGGTGTTGAAGGTTTTAATTGTTACTTTCCTTTACAATCATATTGTTTCCAACCCACTAATGGTGTT,0.18250824398033888,9,W60604925
0,211,ATCTATCAGGCCGGTAGCACACCTTGTAATGGTGTTGAAGGTTTTAATTGTTACTTCCTTTACAATCATATGGTTTCCAACCCACTAATGGTGTTG,0.43760499408922165,1,W60604925
1,195,ATCTATCAGGCCGGTAGCACACCTTGTAATGGTGTTGAAGGTTTTAATTGTTACTTTCCTTTACAATCATATGGTTTCCAACCCACTAATTGTGTT,0.4044216770018873,2,W60604925
2,167,ATTTATCAGGCCGGTAGCACACCTTGTAATGGTGTTGAAGGTTTTAATTGTTACTTTCCTTTACAATCATATGGTTTCCAACCCACTAATGGTGTT,0.34635087209905224,3,W60604925
3,147,ATCTATCAGGCCGGTAGCACACCTTGTAATGGTGTTGAAGGTTTTAATTGTTACTTTCCTTTACAATCATATGGTTTCCAACCCACTAATGGTTTT,0.30487172573988425,4,W60604925
4,122,ATCTATCAGGCCGGTAGCACACCTTGTAATGGTGTTGAAGGTTTTTTAATTGTTACTTTCCTTTACAATCATATGGTTTCCAACCCACTAATGGTG,0.2530227927909244,5,W60604925
5,115,ATCTATCAGGCCGGTAGCACACCTTGTAATGGTGTTGAAGGTTTTAATTGTTACTCTCCTTTACAATCATATGGTTTCCAACCCACTAATGGTGTT,0.23850509156521557,6,W60604925
6,103,ATCTATCAGGCCGGTAGCACACCTTGTAATGGTGTTGAAGGTTTTAATTGTTACTTTCCTTTACAATCATATGCTTTCCAACCCACTAATGGTGTT,0.21361760374971484,7,W60604925
7,102,ATCTATCAGGCCGGTAGCACACCTTGTAATGGTGTTGAAGGTTTTAATTGTTACTTTCCTTTACAATCATATGGTTTACAACCCACTAATGGTGTT,0.21154364643175644,8,W60604925
8,88,ATCTATCAGGCCGGTAGCACACCTTGTAATGGTGTTGAAGGTTTTAATTGTTACTTTCCTTTACAATCATATTGTTTCCAACCCACTAATGGTGTT,0.18250824398033888,9,W60604925
0,211,ATCTATCAGGCCGGTAGCACACCTTGTAATGGTGTTGAAGGTTTTAATTGTTACTTCCTTTACAATCATATGGTTTCCAACCCACTAATGGTGTTG,0.43760499408922165,1,W60604925
1,195,ATCTATCAGGCCGGTAGCACACCTTGTAATGGTGTTGAAGGTTTTAATTGTTACTTTCCTTTACAATCATATGGTTTCCAACCCACTAATTGTGTT,0.4044216770018873,2,W60604925
2,167,ATTTATCAGGCCGGTAGCACACCTTGTAATGGTGTTGAAGGTTTTAATTGTTACTTTCCTTTACAATCATATGGTTTCCAACCCACTAATGGTGTT,0.34635087209905224,3,W60604925
3,147,ATCTATCAGGCCGGTAGCACACCTTGTAATGGTGTTGAAGGTTTTAATTGTTACTTTCCTTTACAATCATATGGTTTCCAACCCACTAATGGTTTT,0.30487172573988425,4,W60604925
4,122,ATCTATCAGGCCGGTAGCACACCTTGTAATGGTGTTGAAGGTTTTTTAATTGTTACTTTCCTTTACAATCATATGGTTTCCAACCCACTAATGGTG,0.2530227927909244,5,W60604925
5,115,ATCTATCAGGCCGGTAGCACACCTTGTAATGGTGTTGAAGGTTTTAATTGTTACTCTCCTTTACAATCATATGGTTTCCAACCCACTAATGGTGTT,0.23850509156521557,6,W60604925
6,103,ATCTATCAGGCCGGTAGCACACCTTGTAATGGTGTTGAAGGTTTTAATTGTTACTTTCCTTTACAATCATATGCTTTCCAACCCACTAATGGTGTT,0.21361760374971484,7,W60604925
7,102,ATCTATCAGGCCGGTAGCACACCTTGTAATGGTGTTGAAGGTTTTAATTGTTACTTTCCTTTACAATCATATGGTTTACAACCCACTAATGGTGTT,0.21154364643175644,8,W60604925
8,88,ATCTATCAGGCCGGTAGCACACCTTGTAATGGTGTTGAAGGTTTTAATTGTTACTTTCCTTTACAATCATATTGTTTCCAACCCACTAATGGTGTT,0.18250824398033888,9,W60604925
0,211,ATCTATCAGGCCGGTAGCACACCTTGTAATGGTGTTGAAGGTTTTAATTGTTACTTCCTTTACAATCATATGGTTTCCAACCCACTAATGGTGTTG,0.43760499408922165,1,W60604925
1,195,ATCTATCAGGCCGGTAGCACACCTTGTAATGGTGTTGAAGGTTTTAATTGTTACTTTCCTTTACAATCATATGGTTTCCAACCCACTAATTGTGTT,0.4044216770018873,2,W60604925
2,167,ATTTATCAGGCCGGTAGCACACCTTGTAATGGTGTTGAAGGTTTTAATTGTTACTTTCCTTTACAATCATATGGTTTCCAACCCACTAATGGTGTT,0.34635087209905224,3,W60604925
3,147,ATCTATCAGGCCGGTAGCACACCTTGTAATGGTGTTGAAGGTTTTAATTGTTACTTTCCTTTACAATCATATGGTTTCCAACCCACTAATGGTTTT,0.30487172573988425,4,W60604925
4,122,ATCTATCAGGCCGGTAGCACACCTTGTAATGGTGTTGAAGGTTTTTTAATTGTTACTTTCCTTTACAATCATATGGTTTCCAACCCACTAATGGTG,0.2530227927909244,5,W60604925
5,115,ATCTATCAGGCCGGTAGCACACCTTGTAATGGTGTTGAAGGTTTTAATTGTTACTCTCCTTTACAATCATATGGTTTCCAACCCACTAATGGTGTT,0.23850509156521557,6,W60604925
6,103,ATCTATCAGGCCGGTAGCACACCTTGTAATGGTGTTGAAGGTTTTAATTGTTACTTTCCTTTACAATCATATGCTTTCCAACCCACTAATGGTGTT,0.21361760374971484,7,W60604925
7,102,ATCTATCAGGCCGGTAGCACACCTTGTAATGGTGTTGAAGGTTTTAATTGTTACTTTCCTTTACAATCATATGGTTTACAACCCACTAATGGTGTT,0.21154364643175644,8,W60604925
8,88,ATCTATCAGGCCGGTAGCACACCTTGTAATGGTGTTGAAGGTTTTAATTGTTACTTTCCTTTACAATCATATTGTTTCCAACCCACTAATGGTGTT,0.18250824398033888,9,W60604925
0,211,ATCTATCAGGCCGGTAGCACACCTTGTAATGGTGTTGAAGGTTTTAATTGTTACTTCCTTTACAATCATATGGTTTCCAACCCACTAATGGTGTTG,0.43760499408922165,1,W60604925
1,195,ATCTATCAGGCCGGTAGCACACCTTGTAATGGTGTTGAAGGTTTTAATTGTTACTTTCCTTTACAATCATATGGTTTCCAACCCACTAATTGTGTT,0.4044216770018873,2,W60604925
2,167,ATTTATCAGGCCGGTAGCACACCTTGTAATGGTGTTGAAGGTTTTAATTGTTACTTTCCTTTACAATCATATGGTTTCCAACCCACTAATGGTGTT,0.34635087209905224,3,W60604925
3,147,ATCTATCAGGCCGGTAGCACACCTTGTAATGGTGTTGAAGGTTTTAATTGTTACTTTCCTTTACAATCATATGGTTTCCAACCCACTAATGGTTTT,0.30487172573988425,4,W60604925
4,122,ATCTATCAGGCCGGTAGCACACCTTGTAATGGTGTTGAAGGTTTTTTAATTGTTACTTTCCTTTACAATCATATGGTTTCCAACCCACTAATGGTG,0.2530227927909244,5,W60604925
5,115,ATCTATCAGGCCGGTAGCACACCTTGTAATGGTGTTGAAGGTTTTAATTGTTACTCTCCTTTACAATCATATGGTTTCCAACCCACTAATGGTGTT,0.23850509156521557,6,W60604925
6,103,ATCTATCAGGCCGGTAGCACACCTTGTAATGGTGTTGAAGGTTTTAATTGTTACTTTCCTTTACAATCATATGCTTTCCAACCCACTAATGGTGTT,0.21361760374971484,7,W60604925
7,102,ATCTATCAGGCCGGTAGCACACCTTGTAATGGTGTTGAAGGTTTTAATTGTTACTTTCCTTTACAATCATATGGTTTACAACCCACTAATGGTGTT,0.21154364643175644,8,W60604925
8,88,ATCTATCAGGCCGGTAGCACACCTTGTAATGGTGTTGAAGGTTTTAATTGTTACTTTCCTTTACAATCATATTGTTTCCAACCCACTAATGGTGTT,0.18250824398033888,9,W60604925
0,518,ATCTATCAGGCCGGTAGCACACCTTGTAATGGTGTTGAAGGTTTTAATTGTTACTTTCCTTTACAATCATATGGTTTACAACCCACTAATGGTGTT,0.3862529733276663,1,W60604928
1,431,ATCTATCAGGCCGGTAGCACACCTTGTAATGGTGTTGAAGGTTTTAATTGTTACTTTCCTTTACAATCATATTGTTTCCAACCCACTAATGGTGTT,0.32138036969927447,2,W60604928
2,251,ATCTATCAGGCCGGTAGCACACCTTGTAATGGTGTTGAAGGTTTTAATTGTTACTTTCCTTTACAATCATATGCTTTCCAACCCACTAATGGTGTT,0.1871611897784638,3,W60604928
3,249,ATCTATCAGGCCGGTAGCACACCTTGTAATGGTGTTGAAGGTTTTAATTGTTACTTTCCCTTACAATCATATGGTTTCCAACCCACTAATGGTGTT,0.18566986555712145,4,W60604928
0,518,ATCTATCAGGCCGGTAGCACACCTTGTAATGGTGTTGAAGGTTTTAATTGTTACTTTCCTTTACAATCATATGGTTTACAACCCACTAATGGTGTT,0.3862529733276663,1,W60604928
1,431,ATCTATCAGGCCGGTAGCACACCTTGTAATGGTGTTGAAGGTTTTAATTGTTACTTTCCTTTACAATCATATTGTTTCCAACCCACTAATGGTGTT,0.32138036969927447,2,W60604928
2,251,ATCTATCAGGCCGGTAGCACACCTTGTAATGGTGTTGAAGGTTTTAATTGTTACTTTCCTTTACAATCATATGCTTTCCAACCCACTAATGGTGTT,0.1871611897784638,3,W60604928
3,249,ATCTATCAGGCCGGTAGCACACCTTGTAATGGTGTTGAAGGTTTTAATTGTTACTTTCCCTTACAATCATATGGTTTCCAACCCACTAATGGTGTT,0.18566986555712145,4,W60604928
0,518,ATCTATCAGGCCGGTAGCACACCTTGTAATGGTGTTGAAGGTTTTAATTGTTACTTTCCTTTACAATCATATGGTTTACAACCCACTAATGGTGTT,0.3862529733276663,1,W60604928
1,431,ATCTATCAGGCCGGTAGCACACCTTGTAATGGTGTTGAAGGTTTTAATTGTTACTTTCCTTTACAATCATATTGTTTCCAACCCACTAATGGTGTT,0.32138036969927447,2,W60604928
2,251,ATCTATCAGGCCGGTAGCACACCTTGTAATGGTGTTGAAGGTTTTAATTGTTACTTTCCTTTACAATCATATGCTTTCCAACCCACTAATGGTGTT,0.1871611897784638,3,W60604928
3,249,ATCTATCAGGCCGGTAGCACACCTTGTAATGGTGTTGAAGGTTTTAATTGTTACTTTCCCTTACAATCATATGGTTTCCAACCCACTAATGGTGTT,0.18566986555712145,4,W60604928
0,518,ATCTATCAGGCCGGTAGCACACCTTGTAATGGTGTTGAAGGTTTTAATTGTTACTTTCCTTTACAATCATATGGTTTACAACCCACTAATGGTGTT,0.3862529733276663,1,W60604928
1,431,ATCTATCAGGCCGGTAGCACACCTTGTAATGGTGTTGAAGGTTTTAATTGTTACTTTCCTTTACAATCATATTGTTTCCAACCCACTAATGGTGTT,0.32138036969927447,2,W60604928
2,251,ATCTATCAGGCCGGTAGCACACCTTGTAATGGTGTTGAAGGTTTTAATTGTTACTTTCCTTTACAATCATATGCTTTCCAACCCACTAATGGTGTT,0.1871611897784638,3,W60604928
3,249,ATCTATCAGGCCGGTAGCACACCTTGTAATGGTGTTGAAGGTTTTAATTGTTACTTTCCCTTACAATCATATGGTTTCCAACCCACTAATGGTGTT,0.18566986555712145,4,W60604928
0,298,ATCTATCAGGCCGGTAGCATACCTTGTAATGGTGTTGAAGGTTTTAATTGTTACTTTCCTTTACAATCATATGGTTTCCAACCCACTAATGGTGTT,0.4562015859894063,1,W60700432
1,210,ATCTATCAGGCCGGTAGCACACCTTGTAATGGTGTTGAAGGTTTTAATTGTTACTTTCCTTTACAATCATATGCTTTCCAACCCACTAATGGTGTT,0.3214843391200514,2,W60700432
2,202,ATCTATCAGGCCGGTAGCACACCTTGTAATGGTGTTGAAGGTTTTAATTGTTACTTTCCTTTACAATCATATTGTTTCCAACCCACTAATGGTGTT,0.3092373166773828,3,W60700432
3,139,ATCTATCAGGCCGGTAGCACACCTTGTAATGGTGTTGAAGGTTTTAATTGTTACTTTCCTTTACAATCATATGGTTTACAACCCACTAATGGTGTT,0.21279201494136737,4,W60700432
0,298,ATCTATCAGGCCGGTAGCATACCTTGTAATGGTGTTGAAGGTTTTAATTGTTACTTTCCTTTACAATCATATGGTTTCCAACCCACTAATGGTGTT,0.4562015859894063,1,W60700432
1,210,ATCTATCAGGCCGGTAGCACACCTTGTAATGGTGTTGAAGGTTTTAATTGTTACTTTCCTTTACAATCATATGCTTTCCAACCCACTAATGGTGTT,0.3214843391200514,2,W60700432
2,202,ATCTATCAGGCCGGTAGCACACCTTGTAATGGTGTTGAAGGTTTTAATTGTTACTTTCCTTTACAATCATATTGTTTCCAACCCACTAATGGTGTT,0.3092373166773828,3,W60700432
3,139,ATCTATCAGGCCGGTAGCACACCTTGTAATGGTGTTGAAGGTTTTAATTGTTACTTTCCTTTACAATCATATGGTTTACAACCCACTAATGGTGTT,0.21279201494136737,4,W60700432
0,298,ATCTATCAGGCCGGTAGCATACCTTGTAATGGTGTTGAAGGTTTTAATTGTTACTTTCCTTTACAATCATATGGTTTCCAACCCACTAATGGTGTT,0.4562015859894063,1,W60700432
1,210,ATCTATCAGGCCGGTAGCACACCTTGTAATGGTGTTGAAGGTTTTAATTGTTACTTTCCTTTACAATCATATGCTTTCCAACCCACTAATGGTGTT,0.3214843391200514,2,W60700432
2,202,ATCTATCAGGCCGGTAGCACACCTTGTAATGGTGTTGAAGGTTTTAATTGTTACTTTCCTTTACAATCATATTGTTTCCAACCCACTAATGGTGTT,0.3092373166773828,3,W60700432
3,139,ATCTATCAGGCCGGTAGCACACCTTGTAATGGTGTTGAAGGTTTTAATTGTTACTTTCCTTTACAATCATATGGTTTACAACCCACTAATGGTGTT,0.21279201494136737,4,W60700432
0,298,ATCTATCAGGCCGGTAGCATACCTTGTAATGGTGTTGAAGGTTTTAATTGTTACTTTCCTTTACAATCATATGGTTTCCAACCCACTAATGGTGTT,0.4562015859894063,1,W60700432
1,210,ATCTATCAGGCCGGTAGCACACCTTGTAATGGTGTTGAAGGTTTTAATTGTTACTTTCCTTTACAATCATATGCTTTCCAACCCACTAATGGTGTT,0.3214843391200514,2,W60700432
2,202,ATCTATCAGGCCGGTAGCACACCTTGTAATGGTGTTGAAGGTTTTAATTGTTACTTTCCTTTACAATCATATTGTTTCCAACCCACTAATGGTGTT,0.3092373166773828,3,W60700432
3,139,ATCTATCAGGCCGGTAGCACACCTTGTAATGGTGTTGAAGGTTTTAATTGTTACTTTCCTTTACAATCATATGGTTTACAACCCACTAATGGTGTT,0.21279201494136737,4,W60700432
0,339,ATCTATCAGGCCGGTAGCACACCTTGTAATGGTGTTGAAGGTTTTAATTGTTACTTTCCTTTACAATCATATGCTTTCCAACCCACTAATGGTGTT,0.29690483280491864,1,W60700443
1,285,ATCTATCAGGCCGGTAGCACACCTTGTAATGGTGTTGAAGGTTTTAATTGTTACTTTCCTTTACAATCATATGGTTTACAACCCACTAATGGTGTT,0.24961025766785197,2,W60700443
2,281,ATCTATCAGGCCGGTAGCACACCTTGTAATGGTGTTGAAGGTTTTAATTGTTACTTTCCTTTACAATCATATGTTTTCCAACCCACTAATGGTGTT,0.24610695580584702,3,W60700443
3,277,ATCTATCAGGCCGGTAGCACACCTTGTAATGGTGTTGAAGGTTTTAATTGTTACTTTCCTTTACAATCATATTGTTTCCAACCCACTAATGGTGTT,0.2426036539438421,4,W60700443
0,339,ATCTATCAGGCCGGTAGCACACCTTGTAATGGTGTTGAAGGTTTTAATTGTTACTTTCCTTTACAATCATATGCTTTCCAACCCACTAATGGTGTT,0.29690483280491864,1,W60700443
1,285,ATCTATCAGGCCGGTAGCACACCTTGTAATGGTGTTGAAGGTTTTAATTGTTACTTTCCTTTACAATCATATGGTTTACAACCCACTAATGGTGTT,0.24961025766785197,2,W60700443
2,281,ATCTATCAGGCCGGTAGCACACCTTGTAATGGTGTTGAAGGTTTTAATTGTTACTTTCCTTTACAATCATATGTTTTCCAACCCACTAATGGTGTT,0.24610695580584702,3,W60700443
3,277,ATCTATCAGGCCGGTAGCACACCTTGTAATGGTGTTGAAGGTTTTAATTGTTACTTTCCTTTACAATCATATTGTTTCCAACCCACTAATGGTGTT,0.2426036539438421,4,W60700443
0,339,ATCTATCAGGCCGGTAGCACACCTTGTAATGGTGTTGAAGGTTTTAATTGTTACTTTCCTTTACAATCATATGCTTTCCAACCCACTAATGGTGTT,0.29690483280491864,1,W60700443
1,285,ATCTATCAGGCCGGTAGCACACCTTGTAATGGTGTTGAAGGTTTTAATTGTTACTTTCCTTTACAATCATATGGTTTACAACCCACTAATGGTGTT,0.24961025766785197,2,W60700443
2,281,ATCTATCAGGCCGGTAGCACACCTTGTAATGGTGTTGAAGGTTTTAATTGTTACTTTCCTTTACAATCATATGTTTTCCAACCCACTAATGGTGTT,0.24610695580584702,3,W60700443
3,277,ATCTATCAGGCCGGTAGCACACCTTGTAATGGTGTTGAAGGTTTTAATTGTTACTTTCCTTTACAATCATATTGTTTCCAACCCACTAATGGTGTT,0.2426036539438421,4,W60700443
0,339,ATCTATCAGGCCGGTAGCACACCTTGTAATGGTGTTGAAGGTTTTAATTGTTACTTTCCTTTACAATCATATGCTTTCCAACCCACTAATGGTGTT,0.29690483280491864,1,W60700443
1,285,ATCTATCAGGCCGGTAGCACACCTTGTAATGGTGTTGAAGGTTTTAATTGTTACTTTCCTTTACAATCATATGGTTTACAACCCACTAATGGTGTT,0.24961025766785197,2,W60700443
2,281,ATCTATCAGGCCGGTAGCACACCTTGTAATGGTGTTGAAGGTTTTAATTGTTACTTTCCTTTACAATCATATGTTTTCCAACCCACTAATGGTGTT,0.24610695580584702,3,W60700443
3,277,ATCTATCAGGCCGGTAGCACACCTTGTAATGGTGTTGAAGGTTTTAATTGTTACTTTCCTTTACAATCATATTGTTTCCAACCCACTAATGGTGTT,0.2426036539438421,4,W60700443
0,125,ATCTATCAGGCCGGTAGCACACCTTGTAATGGTGTTGAAGGTTTTAATTGTTACTTTCCTTTACAATCATATGGTTTCCAACCCACTAATGATGTT,0.38965087281795513,1,W60700870
1,74,ATCTATCAGGCCGGTAGCACACCTTGTAATGGTGTTGAAGGTTTTAATTGTTACTTTCCTTTACAATCATATGGTTTACAACCCACTAATGGTGTT,0.23067331670822944,2,W60700870
2,74,ATCTATCAGGCCGGTAGCACACCTTGTAATGGTGTTGAAGGTTTTAATTGTTACTTTCCTTTACAATCATATGCTTTCCAACCCACTAATGGTGTT,0.23067331670822944,3,W60700870
3,70,ATCTATCAGGCCGGTAGCACACCTTGTAATGGTGTTGAAGGTTTTAATTGTTACTTTCCTTTACAATCATATTGTTTCCAACCCACTAATGGTGTT,0.21820448877805484,4,W60700870
0,125,ATCTATCAGGCCGGTAGCACACCTTGTAATGGTGTTGAAGGTTTTAATTGTTACTTTCCTTTACAATCATATGGTTTCCAACCCACTAATGATGTT,0.38965087281795513,1,W60700870
1,74,ATCTATCAGGCCGGTAGCACACCTTGTAATGGTGTTGAAGGTTTTAATTGTTACTTTCCTTTACAATCATATGGTTTACAACCCACTAATGGTGTT,0.23067331670822944,2,W60700870
2,74,ATCTATCAGGCCGGTAGCACACCTTGTAATGGTGTTGAAGGTTTTAATTGTTACTTTCCTTTACAATCATATGCTTTCCAACCCACTAATGGTGTT,0.23067331670822944,3,W60700870
3,70,ATCTATCAGGCCGGTAGCACACCTTGTAATGGTGTTGAAGGTTTTAATTGTTACTTTCCTTTACAATCATATTGTTTCCAACCCACTAATGGTGTT,0.21820448877805484,4,W60700870
0,125,ATCTATCAGGCCGGTAGCACACCTTGTAATGGTGTTGAAGGTTTTAATTGTTACTTTCCTTTACAATCATATGGTTTCCAACCCACTAATGATGTT,0.38965087281795513,1,W60700870
1,74,ATCTATCAGGCCGGTAGCACACCTTGTAATGGTGTTGAAGGTTTTAATTGTTACTTTCCTTTACAATCATATGGTTTACAACCCACTAATGGTGTT,0.23067331670822944,2,W60700870
2,74,ATCTATCAGGCCGGTAGCACACCTTGTAATGGTGTTGAAGGTTTTAATTGTTACTTTCCTTTACAATCATATGCTTTCCAACCCACTAATGGTGTT,0.23067331670822944,3,W60700870
3,70,ATCTATCAGGCCGGTAGCACACCTTGTAATGGTGTTGAAGGTTTTAATTGTTACTTTCCTTTACAATCATATTGTTTCCAACCCACTAATGGTGTT,0.21820448877805484,4,W60700870
0,125,ATCTATCAGGCCGGTAGCACACCTTGTAATGGTGTTGAAGGTTTTAATTGTTACTTTCCTTTACAATCATATGGTTTCCAACCCACTAATGATGTT,0.38965087281795513,1,W60700870
1,74,ATCTATCAGGCCGGTAGCACACCTTGTAATGGTGTTGAAGGTTTTAATTGTTACTTTCCTTTACAATCATATGGTTTACAACCCACTAATGGTGTT,0.23067331670822944,2,W60700870
2,74,ATCTATCAGGCCGGTAGCACACCTTGTAATGGTGTTGAAGGTTTTAATTGTTACTTTCCTTTACAATCATATGCTTTCCAACCCACTAATGGTGTT,0.23067331670822944,3,W60700870
3,70,ATCTATCAGGCCGGTAGCACACCTTGTAATGGTGTTGAAGGTTTTAATTGTTACTTTCCTTTACAATCATATTGTTTCCAACCCACTAATGGTGTT,0.21820448877805484,4,W60700870
0,365,ATCTATCAGGCCGGTAGCACACCTTGTAATGGTGTTGAAGGTTTTAATTGTTACTTTCCTTTACAATCATATTGTTTCCAACCCACTAATGGTGTT,0.24465118773124564,1,W60701023
1,361,ATCTATCAGGCCGGTAGCACACCTTGTAATGGTGTTGAAGGTTTTAATTGTTACTTTCCTTTACAATCATATGGTTTACAACCCACTAATGGTGTT,0.24197007882460186,2,W60701023
2,321,ATCTATCAGGCCGGTAGCACACCTTGTAATGGTGTTGAAGGTTTTAATTGTTACTTTCCTTTACAATCATATGCTTTCCAACCCACTAATGGTGTT,0.215158989758164,3,W60701023
0,365,ATCTATCAGGCCGGTAGCACACCTTGTAATGGTGTTGAAGGTTTTAATTGTTACTTTCCTTTACAATCATATTGTTTCCAACCCACTAATGGTGTT,0.24465118773124564,1,W60701023
1,361,ATCTATCAGGCCGGTAGCACACCTTGTAATGGTGTTGAAGGTTTTAATTGTTACTTTCCTTTACAATCATATGGTTTACAACCCACTAATGGTGTT,0.24197007882460186,2,W60701023
2,321,ATCTATCAGGCCGGTAGCACACCTTGTAATGGTGTTGAAGGTTTTAATTGTTACTTTCCTTTACAATCATATGCTTTCCAACCCACTAATGGTGTT,0.215158989758164,3,W60701023
0,365,ATCTATCAGGCCGGTAGCACACCTTGTAATGGTGTTGAAGGTTTTAATTGTTACTTTCCTTTACAATCATATTGTTTCCAACCCACTAATGGTGTT,0.24465118773124564,1,W60701023
1,361,ATCTATCAGGCCGGTAGCACACCTTGTAATGGTGTTGAAGGTTTTAATTGTTACTTTCCTTTACAATCATATGGTTTACAACCCACTAATGGTGTT,0.24197007882460186,2,W60701023
2,321,ATCTATCAGGCCGGTAGCACACCTTGTAATGGTGTTGAAGGTTTTAATTGTTACTTTCCTTTACAATCATATGCTTTCCAACCCACTAATGGTGTT,0.215158989758164,3,W60701023
0,356,ATCTATCAGGCCGGTAGCACACCTTGTAATGGTGTTGAAGGTTTTAATTGTTACTTTCCTTTACAATCATATGCTTTCCAACCCACTAATGGTGTT,0.18250794627294165,1,W60701230
0,340,ATCTATCAGGCCGGTAGCACACCTTGTAATGGTGTTGAAGGTTTTAATTGTTACTTTCCTTTACAATCATATGGTTTACAACCCACTAATGGTGTT,0.23605045925699647,1,W60701242
1,334,ATCTATCAGGCCGGTAGCACACCTTGTAATGGTGTTGAAGGTTTTAATTGTTACTTTCCTTTACAATCATATTGTTTCCAACCCACTAATGGTGTT,0.2318848629171671,2,W60701242
2,287,ATCTATCAGGCCGGTAGCACACCTTGTAATGGTGTTGAAGGTTTTAATTGTTACTTTCCTTTACAATCATATGCTTTCCAACCCACTAATGGTGTT,0.19925435825517054,3,W60701242
0,340,ATCTATCAGGCCGGTAGCACACCTTGTAATGGTGTTGAAGGTTTTAATTGTTACTTTCCTTTACAATCATATGGTTTACAACCCACTAATGGTGTT,0.23605045925699647,1,W60701242
1,334,ATCTATCAGGCCGGTAGCACACCTTGTAATGGTGTTGAAGGTTTTAATTGTTACTTTCCTTTACAATCATATTGTTTCCAACCCACTAATGGTGTT,0.2318848629171671,2,W60701242
2,287,ATCTATCAGGCCGGTAGCACACCTTGTAATGGTGTTGAAGGTTTTAATTGTTACTTTCCTTTACAATCATATGCTTTCCAACCCACTAATGGTGTT,0.19925435825517054,3,W60701242
0,340,ATCTATCAGGCCGGTAGCACACCTTGTAATGGTGTTGAAGGTTTTAATTGTTACTTTCCTTTACAATCATATGGTTTACAACCCACTAATGGTGTT,0.23605045925699647,1,W60701242
1,334,ATCTATCAGGCCGGTAGCACACCTTGTAATGGTGTTGAAGGTTTTAATTGTTACTTTCCTTTACAATCATATTGTTTCCAACCCACTAATGGTGTT,0.2318848629171671,2,W60701242
2,287,ATCTATCAGGCCGGTAGCACACCTTGTAATGGTGTTGAAGGTTTTAATTGTTACTTTCCTTTACAATCATATGCTTTCCAACCCACTAATGGTGTT,0.19925435825517054,3,W60701242
0,371,ATCTATCAGGCCGGTAGCACACCTTGTAATGGTGTTGAAGGTTTTAATTGTTACTTTCCTTTACAATCATATTGTTTCCAACCCACTAATGGTGTT,0.25013315713890816,1,W60701336
1,360,ATCTATCAGGCCGGTAGCACACCTTGTAATGGTGTTGAAGGTTTTAATTGTTACTTTCCTTTACAATCATATGGTTTACAACCCACTAATGGTGTT,0.2427168101617438,2,W60701336
2,326,ATCTATCAGGCCGGTAGCACACCTTGTAATGGTGTTGAAGGTTTTAATTGTTACTTTCCTTTACAATCATATGCTTTCCAACCCACTAATGGTGTT,0.2197935558686902,3,W60701336
0,371,ATCTATCAGGCCGGTAGCACACCTTGTAATGGTGTTGAAGGTTTTAATTGTTACTTTCCTTTACAATCATATTGTTTCCAACCCACTAATGGTGTT,0.25013315713890816,1,W60701336
1,360,ATCTATCAGGCCGGTAGCACACCTTGTAATGGTGTTGAAGGTTTTAATTGTTACTTTCCTTTACAATCATATGGTTTACAACCCACTAATGGTGTT,0.2427168101617438,2,W60701336
2,326,ATCTATCAGGCCGGTAGCACACCTTGTAATGGTGTTGAAGGTTTTAATTGTTACTTTCCTTTACAATCATATGCTTTCCAACCCACTAATGGTGTT,0.2197935558686902,3,W60701336
0,371,ATCTATCAGGCCGGTAGCACACCTTGTAATGGTGTTGAAGGTTTTAATTGTTACTTTCCTTTACAATCATATTGTTTCCAACCCACTAATGGTGTT,0.25013315713890816,1,W60701336
1,360,ATCTATCAGGCCGGTAGCACACCTTGTAATGGTGTTGAAGGTTTTAATTGTTACTTTCCTTTACAATCATATGGTTTACAACCCACTAATGGTGTT,0.2427168101617438,2,W60701336
2,326,ATCTATCAGGCCGGTAGCACACCTTGTAATGGTGTTGAAGGTTTTAATTGTTACTTTCCTTTACAATCATATGCTTTCCAACCCACTAATGGTGTT,0.2197935558686902,3,W60701336
0,435,ATCTATCAGGCCGGTAGCACACCTTGTAATGGTGTTGAAGGTTTTAATTGTTACTTTCCTTTACAATCATATGGTTTACAACCCACTAATGGTGTT,0.39298587961080844,1,W60701343
1,356,ATCTATCAGGCCGGTAGCACACCTTGTAATGGTGTTGAAGGTTTTAATTGTTACTTTCCTTTACAATCATATTGTTTCCAACCCACTAATGGTGTT,0.3216160302102249,2,W60701343
2,209,ATCTATCAGGCCGGTAGCACACCTTGTAATGGTGTTGAAGGTTTTAATTGTTACTTTCCTTTACAATCATATGGCTTCCAACCCACTAATGGTGTT,0.1888139053762275,3,W60701343
0,435,ATCTATCAGGCCGGTAGCACACCTTGTAATGGTGTTGAAGGTTTTAATTGTTACTTTCCTTTACAATCATATGGTTTACAACCCACTAATGGTGTT,0.39298587961080844,1,W60701343
1,356,ATCTATCAGGCCGGTAGCACACCTTGTAATGGTGTTGAAGGTTTTAATTGTTACTTTCCTTTACAATCATATTGTTTCCAACCCACTAATGGTGTT,0.3216160302102249,2,W60701343
2,209,ATCTATCAGGCCGGTAGCACACCTTGTAATGGTGTTGAAGGTTTTAATTGTTACTTTCCTTTACAATCATATGGCTTCCAACCCACTAATGGTGTT,0.1888139053762275,3,W60701343
0,435,ATCTATCAGGCCGGTAGCACACCTTGTAATGGTGTTGAAGGTTTTAATTGTTACTTTCCTTTACAATCATATGGTTTACAACCCACTAATGGTGTT,0.39298587961080844,1,W60701343
1,356,ATCTATCAGGCCGGTAGCACACCTTGTAATGGTGTTGAAGGTTTTAATTGTTACTTTCCTTTACAATCATATTGTTTCCAACCCACTAATGGTGTT,0.3216160302102249,2,W60701343
2,209,ATCTATCAGGCCGGTAGCACACCTTGTAATGGTGTTGAAGGTTTTAATTGTTACTTTCCTTTACAATCATATGGCTTCCAACCCACTAATGGTGTT,0.1888139053762275,3,W60701343
0,822,ATCTATCAGGCCGGTAGCACACCTTGTAATGGTGTTGAAGGTTTTAATTGTTACTTTCCTTTACAATCATATGGTTTACAACCCACTAATGGTGTT,0.38756217732619813,1,W60701344
1,715,ATCTATCAGGCCGGTAGCACACCTTGTAATGGTGTTGAAGGTTTTAATTGTTACTTTCCTTTACAATCATATTGTTTCCAACCCACTAATGGTGTT,0.3371130861170702,2,W60701344
2,429,ATCTATCAGGCCGGTAGCACACCTTGTAATGGTGTTGAAGGTTTTAATTGTTACTTTCCTTTACAATCATATGCTTTCCAACCCACTAATGGTGTT,0.20226785167024214,3,W60701344
0,822,ATCTATCAGGCCGGTAGCACACCTTGTAATGGTGTTGAAGGTTTTAATTGTTACTTTCCTTTACAATCATATGGTTTACAACCCACTAATGGTGTT,0.38756217732619813,1,W60701344
1,715,ATCTATCAGGCCGGTAGCACACCTTGTAATGGTGTTGAAGGTTTTAATTGTTACTTTCCTTTACAATCATATTGTTTCCAACCCACTAATGGTGTT,0.3371130861170702,2,W60701344
2,429,ATCTATCAGGCCGGTAGCACACCTTGTAATGGTGTTGAAGGTTTTAATTGTTACTTTCCTTTACAATCATATGCTTTCCAACCCACTAATGGTGTT,0.20226785167024214,3,W60701344
0,822,ATCTATCAGGCCGGTAGCACACCTTGTAATGGTGTTGAAGGTTTTAATTGTTACTTTCCTTTACAATCATATGGTTTACAACCCACTAATGGTGTT,0.38756217732619813,1,W60701344
1,715,ATCTATCAGGCCGGTAGCACACCTTGTAATGGTGTTGAAGGTTTTAATTGTTACTTTCCTTTACAATCATATTGTTTCCAACCCACTAATGGTGTT,0.3371130861170702,2,W60701344
2,429,ATCTATCAGGCCGGTAGCACACCTTGTAATGGTGTTGAAGGTTTTAATTGTTACTTTCCTTTACAATCATATGCTTTCCAACCCACTAATGGTGTT,0.20226785167024214,3,W60701344
0,813,ATCTATCAGGCCGGTAGCACACCTTGTAATGGTGTTGAAGGTTTTAATTGTTACTTTCCTTTACAATCATATGCTTTCCAACCCACTAATGGTGTT,0.3358241322477911,1,W60701345
1,751,ATCTATCAGGCCGGTAGCACACCTTGTAATGGTGTTGAAGGTTTTAATTGTTACTTTCCTTTACAATCATATTGTTTCCAACCCACTAATGGTGTT,0.31021392782053026,2,W60701345
2,487,ATCTATCAGGCCGGTAGCACACCTTGTAATGGTGTTGAAGGTTTTAATTGTTACTTTCCTTTACAATCATATGGTTTACAACCCACTAATGGTGTT,0.20116402509800035,3,W60701345
0,813,ATCTATCAGGCCGGTAGCACACCTTGTAATGGTGTTGAAGGTTTTAATTGTTACTTTCCTTTACAATCATATGCTTTCCAACCCACTAATGGTGTT,0.3358241322477911,1,W60701345
1,751,ATCTATCAGGCCGGTAGCACACCTTGTAATGGTGTTGAAGGTTTTAATTGTTACTTTCCTTTACAATCATATTGTTTCCAACCCACTAATGGTGTT,0.31021392782053026,2,W60701345
2,487,ATCTATCAGGCCGGTAGCACACCTTGTAATGGTGTTGAAGGTTTTAATTGTTACTTTCCTTTACAATCATATGGTTTACAACCCACTAATGGTGTT,0.20116402509800035,3,W60701345
0,813,ATCTATCAGGCCGGTAGCACACCTTGTAATGGTGTTGAAGGTTTTAATTGTTACTTTCCTTTACAATCATATGCTTTCCAACCCACTAATGGTGTT,0.3358241322477911,1,W60701345
1,751,ATCTATCAGGCCGGTAGCACACCTTGTAATGGTGTTGAAGGTTTTAATTGTTACTTTCCTTTACAATCATATTGTTTCCAACCCACTAATGGTGTT,0.31021392782053026,2,W60701345
2,487,ATCTATCAGGCCGGTAGCACACCTTGTAATGGTGTTGAAGGTTTTAATTGTTACTTTCCTTTACAATCATATGGTTTACAACCCACTAATGGTGTT,0.20116402509800035,3,W60701345
0,112,ATCTATCAGGCCGGTAGCACACCTTGTAATGGTGTTGAAGGTTTTAATTGTTACTTTCCTTTACAATCATATGCTTTCCAACCCACTAATGGTGTT,0.3253922138291691,1,W60701359
1,99,ATCTATCAGGCCGGTAGCACACCTTGTAATGGTGTTGAAGGTTTTAATTGTTACTTTCCTTTACAATCATATTGTTTCCAACCCACTAATGGTGTT,0.28762347472399763,2,W60701359
2,63,ATCTATCAGGCCGGTAGCACACCTTGTAATGGTGTTGAAGGTTTTAATTGTTACTTTCCTTTACAATCATATGGTTTACAACCCACTAATGGTGTT,0.1830331202789076,3,W60701359
0,112,ATCTATCAGGCCGGTAGCACACCTTGTAATGGTGTTGAAGGTTTTAATTGTTACTTTCCTTTACAATCATATGCTTTCCAACCCACTAATGGTGTT,0.3253922138291691,1,W60701359
1,99,ATCTATCAGGCCGGTAGCACACCTTGTAATGGTGTTGAAGGTTTTAATTGTTACTTTCCTTTACAATCATATTGTTTCCAACCCACTAATGGTGTT,0.28762347472399763,2,W60701359
2,63,ATCTATCAGGCCGGTAGCACACCTTGTAATGGTGTTGAAGGTTTTAATTGTTACTTTCCTTTACAATCATATGGTTTACAACCCACTAATGGTGTT,0.1830331202789076,3,W60701359
0,112,ATCTATCAGGCCGGTAGCACACCTTGTAATGGTGTTGAAGGTTTTAATTGTTACTTTCCTTTACAATCATATGCTTTCCAACCCACTAATGGTGTT,0.3253922138291691,1,W60701359
1,99,ATCTATCAGGCCGGTAGCACACCTTGTAATGGTGTTGAAGGTTTTAATTGTTACTTTCCTTTACAATCATATTGTTTCCAACCCACTAATGGTGTT,0.28762347472399763,2,W60701359
2,63,ATCTATCAGGCCGGTAGCACACCTTGTAATGGTGTTGAAGGTTTTAATTGTTACTTTCCTTTACAATCATATGGTTTACAACCCACTAATGGTGTT,0.1830331202789076,3,W60701359
0,533,ATCTATCAGGCCGGTAGCACACCTTGTAATGGTGTTGAAGGTTTTAATTGTTACTTTCCTTTACAATCATATGCTTTCCAACCCACTAATGGTGTT,0.21237005781406265,1,W60701394
1,457,ATCTATCAGGCCGGTAGCACACCTTGTAATGGTGTTGAAGGTTTTAATTGTTACTTTCCTTTACAATCATATTGTTTCCAACCCACTAATGGTGTT,0.1820883985385115,2,W60701394
2,456,ATCTATCAGGCCGGTAGCACACCTTGTAATGGTGTTGAAGGTTTTAATTGTTACTTTCCTTTACAATCATATGGTTTACAACCCACTAATGGTGTT,0.1816899556533069,3,W60701394
0,533,ATCTATCAGGCCGGTAGCACACCTTGTAATGGTGTTGAAGGTTTTAATTGTTACTTTCCTTTACAATCATATGCTTTCCAACCCACTAATGGTGTT,0.21237005781406265,1,W60701394
1,457,ATCTATCAGGCCGGTAGCACACCTTGTAATGGTGTTGAAGGTTTTAATTGTTACTTTCCTTTACAATCATATTGTTTCCAACCCACTAATGGTGTT,0.1820883985385115,2,W60701394
2,456,ATCTATCAGGCCGGTAGCACACCTTGTAATGGTGTTGAAGGTTTTAATTGTTACTTTCCTTTACAATCATATGGTTTACAACCCACTAATGGTGTT,0.1816899556533069,3,W60701394
0,533,ATCTATCAGGCCGGTAGCACACCTTGTAATGGTGTTGAAGGTTTTAATTGTTACTTTCCTTTACAATCATATGCTTTCCAACCCACTAATGGTGTT,0.21237005781406265,1,W60701394
1,457,ATCTATCAGGCCGGTAGCACACCTTGTAATGGTGTTGAAGGTTTTAATTGTTACTTTCCTTTACAATCATATTGTTTCCAACCCACTAATGGTGTT,0.1820883985385115,2,W60701394
2,456,ATCTATCAGGCCGGTAGCACACCTTGTAATGGTGTTGAAGGTTTTAATTGTTACTTTCCTTTACAATCATATGGTTTACAACCCACTAATGGTGTT,0.1816899556533069,3,W60701394
0,436,ATCTATCAGGCCGGTAGCACACCTTGTAATGGTGTTGAAGGTTTTAATTGTTACTTTCCTTTACAATCATATGCTTTCCAACCCACTAATGGTGTT,0.2464028573689148,1,W60701397
1,388,ATCTATCAGGCCGGTAGCACACCTTGTAATGGTGTTGAAGGTTTTAATTGTTACTTTCCTTTACAATCATATTGTTTCCAACCCACTAATGGTGTT,0.21927593729160308,2,W60701397
2,358,ATCTATCAGGCCGGTAGCACACCTTGTAATGGTGTTGAAGGTTTTAATTGTTACTTTCCTTTACAATCATATGGTTTACAACCCACTAATGGTGTT,0.20232161224328327,3,W60701397
0,436,ATCTATCAGGCCGGTAGCACACCTTGTAATGGTGTTGAAGGTTTTAATTGTTACTTTCCTTTACAATCATATGCTTTCCAACCCACTAATGGTGTT,0.2464028573689148,1,W60701397
1,388,ATCTATCAGGCCGGTAGCACACCTTGTAATGGTGTTGAAGGTTTTAATTGTTACTTTCCTTTACAATCATATTGTTTCCAACCCACTAATGGTGTT,0.21927593729160308,2,W60701397
2,358,ATCTATCAGGCCGGTAGCACACCTTGTAATGGTGTTGAAGGTTTTAATTGTTACTTTCCTTTACAATCATATGGTTTACAACCCACTAATGGTGTT,0.20232161224328327,3,W60701397
0,436,ATCTATCAGGCCGGTAGCACACCTTGTAATGGTGTTGAAGGTTTTAATTGTTACTTTCCTTTACAATCATATGCTTTCCAACCCACTAATGGTGTT,0.2464028573689148,1,W60701397
1,388,ATCTATCAGGCCGGTAGCACACCTTGTAATGGTGTTGAAGGTTTTAATTGTTACTTTCCTTTACAATCATATTGTTTCCAACCCACTAATGGTGTT,0.21927593729160308,2,W60701397
2,358,ATCTATCAGGCCGGTAGCACACCTTGTAATGGTGTTGAAGGTTTTAATTGTTACTTTCCTTTACAATCATATGGTTTACAACCCACTAATGGTGTT,0.20232161224328327,3,W60701397
0,447,ATCTATCAGGCCGGTAGCACACCTTGTAATGGTGTTGAAGGTTTTAATTGTTACTTTCCTTTACAATCATATGGTTTACAACCCACTAATGGTGTT,0.20319105413882452,1,W60701409
1,423,ATCTATCAGGCCGGTAGCACACCTTGTAATGGTGTTGAAGGTTTTAATTGTTACTTTCCTTTACAATCATATTGTTTCCAACCCACTAATGGTGTT,0.19228146733942453,2,W60701409
0,447,ATCTATCAGGCCGGTAGCACACCTTGTAATGGTGTTGAAGGTTTTAATTGTTACTTTCCTTTACAATCATATGGTTTACAACCCACTAATGGTGTT,0.20319105413882452,1,W60701409
1,423,ATCTATCAGGCCGGTAGCACACCTTGTAATGGTGTTGAAGGTTTTAATTGTTACTTTCCTTTACAATCATATTGTTTCCAACCCACTAATGGTGTT,0.19228146733942453,2,W60701409
0,434,ATCTATCAGGCCGGTAGCACACCTTGTAATGGTGTTGAAGGTTTTAATTGTTACTTTCCTTTACAATCATATGCTTTCCAACCCACTAATGGTGTT,0.31254275858592406,1,W60701784
1,408,ATCTATCAGGCCGGTAGCACACCTTGTAATGGTGTTGAAGGTTTTAATTGTTACTTTCCTTTACAATCATATTGTTTCCAACCCACTAATGGTGTT,0.2938189988549701,2,W60701784
2,360,ATCTATCAGGCCGGTAGCACACCTTGTAATGGTGTTGAAGGTTTTAATTGTTACTTTCCTTTACAATCATATGGTTTACAACCCACTAATGGTGTT,0.25925205781320887,3,W60701784
3,268,ATCTATCAGGCCGGTAGCACACCTTGTAATGGTGTTGAAGGTTTTAATTGTTACTTTCCTTTACAATCATATGTTTTCCAACCCACTAATGGTGTT,0.19299875414983328,4,W60701784
0,434,ATCTATCAGGCCGGTAGCACACCTTGTAATGGTGTTGAAGGTTTTAATTGTTACTTTCCTTTACAATCATATGCTTTCCAACCCACTAATGGTGTT,0.31254275858592406,1,W60701784
1,408,ATCTATCAGGCCGGTAGCACACCTTGTAATGGTGTTGAAGGTTTTAATTGTTACTTTCCTTTACAATCATATTGTTTCCAACCCACTAATGGTGTT,0.2938189988549701,2,W60701784
2,360,ATCTATCAGGCCGGTAGCACACCTTGTAATGGTGTTGAAGGTTTTAATTGTTACTTTCCTTTACAATCATATGGTTTACAACCCACTAATGGTGTT,0.25925205781320887,3,W60701784
3,268,ATCTATCAGGCCGGTAGCACACCTTGTAATGGTGTTGAAGGTTTTAATTGTTACTTTCCTTTACAATCATATGTTTTCCAACCCACTAATGGTGTT,0.19299875414983328,4,W60701784
0,434,ATCTATCAGGCCGGTAGCACACCTTGTAATGGTGTTGAAGGTTTTAATTGTTACTTTCCTTTACAATCATATGCTTTCCAACCCACTAATGGTGTT,0.31254275858592406,1,W60701784
1,408,ATCTATCAGGCCGGTAGCACACCTTGTAATGGTGTTGAAGGTTTTAATTGTTACTTTCCTTTACAATCATATTGTTTCCAACCCACTAATGGTGTT,0.2938189988549701,2,W60701784
2,360,ATCTATCAGGCCGGTAGCACACCTTGTAATGGTGTTGAAGGTTTTAATTGTTACTTTCCTTTACAATCATATGGTTTACAACCCACTAATGGTGTT,0.25925205781320887,3,W60701784
3,268,ATCTATCAGGCCGGTAGCACACCTTGTAATGGTGTTGAAGGTTTTAATTGTTACTTTCCTTTACAATCATATGTTTTCCAACCCACTAATGGTGTT,0.19299875414983328,4,W60701784
0,434,ATCTATCAGGCCGGTAGCACACCTTGTAATGGTGTTGAAGGTTTTAATTGTTACTTTCCTTTACAATCATATGCTTTCCAACCCACTAATGGTGTT,0.31254275858592406,1,W60701784
1,408,ATCTATCAGGCCGGTAGCACACCTTGTAATGGTGTTGAAGGTTTTAATTGTTACTTTCCTTTACAATCATATTGTTTCCAACCCACTAATGGTGTT,0.2938189988549701,2,W60701784
2,360,ATCTATCAGGCCGGTAGCACACCTTGTAATGGTGTTGAAGGTTTTAATTGTTACTTTCCTTTACAATCATATGGTTTACAACCCACTAATGGTGTT,0.25925205781320887,3,W60701784
3,268,ATCTATCAGGCCGGTAGCACACCTTGTAATGGTGTTGAAGGTTTTAATTGTTACTTTCCTTTACAATCATATGTTTTCCAACCCACTAATGGTGTT,0.19299875414983328,4,W60701784
0,285,ATCTATCAGGCCGGTAGCACACCTTGTAATGGTGTTGAAGGTTTTAATTGTTACTTTCCTTTACAATCATATTGTTTCCAACCCACTAATGGTGTT,0.25267973508524616,1,W60701806
1,261,ATCTATCAGGCCGGTAGCACACCTTGTAATGGTGTTGAAGGTTTTAATTGTTACTTTCCTTTACAATCATATGCTTTCCAACCCACTAATGGTGTT,0.2314014416043833,2,W60701806
2,235,ATCTATCAGGCCGGTAGCACACCTTGTAATGGTGTTGAAGGTTTTAATTGTTACTTTCCTTTACAATCATATGGTTTACAACCCACTAATGGTGTT,0.20834995700011524,3,W60701806
0,285,ATCTATCAGGCCGGTAGCACACCTTGTAATGGTGTTGAAGGTTTTAATTGTTACTTTCCTTTACAATCATATTGTTTCCAACCCACTAATGGTGTT,0.25267973508524616,1,W60701806
1,261,ATCTATCAGGCCGGTAGCACACCTTGTAATGGTGTTGAAGGTTTTAATTGTTACTTTCCTTTACAATCATATGCTTTCCAACCCACTAATGGTGTT,0.2314014416043833,2,W60701806
2,235,ATCTATCAGGCCGGTAGCACACCTTGTAATGGTGTTGAAGGTTTTAATTGTTACTTTCCTTTACAATCATATGGTTTACAACCCACTAATGGTGTT,0.20834995700011524,3,W60701806
0,285,ATCTATCAGGCCGGTAGCACACCTTGTAATGGTGTTGAAGGTTTTAATTGTTACTTTCCTTTACAATCATATTGTTTCCAACCCACTAATGGTGTT,0.25267973508524616,1,W60701806
1,261,ATCTATCAGGCCGGTAGCACACCTTGTAATGGTGTTGAAGGTTTTAATTGTTACTTTCCTTTACAATCATATGCTTTCCAACCCACTAATGGTGTT,0.2314014416043833,2,W60701806
2,235,ATCTATCAGGCCGGTAGCACACCTTGTAATGGTGTTGAAGGTTTTAATTGTTACTTTCCTTTACAATCATATGGTTTACAACCCACTAATGGTGTT,0.20834995700011524,3,W60701806
0,537,ATCTATCAGGCCGGTAGCACACCTTGTAATGGTGTTGAAGGTTTTAATTGTTACTTTCCTTTACAATCATATGCTTTCCAACCCACTAATGGTGTT,0.33582439573496764,1,W60701808
1,441,ATCTATCAGGCCGGTAGCACACCTTGTAATGGTGTTGAAGGTTTTAATTGTTACTTTCCTTTACAATCATATTGTTTCCAACCCACTAATGGTGTT,0.2757887495700572,2,W60701808
2,317,ATCTATCAGGCCGGTAGCACACCTTGTAATGGTGTTGAAGGTTTTAATTGTTACTTTCCTTTACAATCATATGGTTTACAACCCACTAATGGTGTT,0.19824270660704796,3,W60701808
0,537,ATCTATCAGGCCGGTAGCACACCTTGTAATGGTGTTGAAGGTTTTAATTGTTACTTTCCTTTACAATCATATGCTTTCCAACCCACTAATGGTGTT,0.33582439573496764,1,W60701808
1,441,ATCTATCAGGCCGGTAGCACACCTTGTAATGGTGTTGAAGGTTTTAATTGTTACTTTCCTTTACAATCATATTGTTTCCAACCCACTAATGGTGTT,0.2757887495700572,2,W60701808
2,317,ATCTATCAGGCCGGTAGCACACCTTGTAATGGTGTTGAAGGTTTTAATTGTTACTTTCCTTTACAATCATATGGTTTACAACCCACTAATGGTGTT,0.19824270660704796,3,W60701808
0,537,ATCTATCAGGCCGGTAGCACACCTTGTAATGGTGTTGAAGGTTTTAATTGTTACTTTCCTTTACAATCATATGCTTTCCAACCCACTAATGGTGTT,0.33582439573496764,1,W60701808
1,441,ATCTATCAGGCCGGTAGCACACCTTGTAATGGTGTTGAAGGTTTTAATTGTTACTTTCCTTTACAATCATATTGTTTCCAACCCACTAATGGTGTT,0.2757887495700572,2,W60701808
2,317,ATCTATCAGGCCGGTAGCACACCTTGTAATGGTGTTGAAGGTTTTAATTGTTACTTTCCTTTACAATCATATGGTTTACAACCCACTAATGGTGTT,0.19824270660704796,3,W60701808
0,111,ATCTATCAGGCCGGTAGCACACCTTGTAATGGTGTTGAAGGTTTTAATTGTTACTTTCCTTTACAATCATATTGTTTCCAACCCACTAATGGTGTT,0.2618171525615624,1,W60701847
1,111,ATCTATCAGGCCGGTAGCACACCTTGTAATGGTGTTGAAGGTTTTAATTGTTACTTTCCTTTACAATCATATGGTTTACAACCCACTAATGGTGTT,0.2618171525615624,2,W60701847
2,78,ATCTATCAGGCCGGTAGCACACCTTGTAATGGTGTTGAAGGTTTTAATTGTTACTTTCCTTTACAATCATATGCTTTCCAACCCACTAATGGTGTT,0.18397962071893575,3,W60701847
0,111,ATCTATCAGGCCGGTAGCACACCTTGTAATGGTGTTGAAGGTTTTAATTGTTACTTTCCTTTACAATCATATTGTTTCCAACCCACTAATGGTGTT,0.2618171525615624,1,W60701847
1,111,ATCTATCAGGCCGGTAGCACACCTTGTAATGGTGTTGAAGGTTTTAATTGTTACTTTCCTTTACAATCATATGGTTTACAACCCACTAATGGTGTT,0.2618171525615624,2,W60701847
2,78,ATCTATCAGGCCGGTAGCACACCTTGTAATGGTGTTGAAGGTTTTAATTGTTACTTTCCTTTACAATCATATGCTTTCCAACCCACTAATGGTGTT,0.18397962071893575,3,W60701847
0,111,ATCTATCAGGCCGGTAGCACACCTTGTAATGGTGTTGAAGGTTTTAATTGTTACTTTCCTTTACAATCATATTGTTTCCAACCCACTAATGGTGTT,0.2618171525615624,1,W60701847
1,111,ATCTATCAGGCCGGTAGCACACCTTGTAATGGTGTTGAAGGTTTTAATTGTTACTTTCCTTTACAATCATATGGTTTACAACCCACTAATGGTGTT,0.2618171525615624,2,W60701847
2,78,ATCTATCAGGCCGGTAGCACACCTTGTAATGGTGTTGAAGGTTTTAATTGTTACTTTCCTTTACAATCATATGCTTTCCAACCCACTAATGGTGTT,0.18397962071893575,3,W60701847
0,569,ATCTATCAGGCCGGTAGCACACCTTGTAATGGTGTTGAAGGTTTTAATTGTTACTTTCCTTTACAATCATATGCTTTCCAACCCACTAATGGTGTT,0.32954176898484916,1,W60701868
1,505,ATCTATCAGGCCGGTAGCACACCTTGTAATGGTGTTGAAGGTTTTAATTGTTACTTTCCTTTACAATCATATTGTTTCCAACCCACTAATGGTGTT,0.2924755594680999,2,W60701868
0,569,ATCTATCAGGCCGGTAGCACACCTTGTAATGGTGTTGAAGGTTTTAATTGTTACTTTCCTTTACAATCATATGCTTTCCAACCCACTAATGGTGTT,0.32954176898484916,1,W60701868
1,505,ATCTATCAGGCCGGTAGCACACCTTGTAATGGTGTTGAAGGTTTTAATTGTTACTTTCCTTTACAATCATATTGTTTCCAACCCACTAATGGTGTT,0.2924755594680999,2,W60701868
0,899,ACTAAAAGGGTCTGAGGGATCTCTAGTTACCAGAGTCACACAACAGACGGGCACACACATCTACTTTAAGCACACCAACCATACAGAGTAGTAGTC,0.6020223665706824,1,W60701879
1,553,ATCTATCAGGCCGGTAGCACACCTTGTAATGGTGTTGAAGGTTTTTAATTGTTACTTTCCTTTACAATCATATGGTTTCCAACCCACTAATGGTGT,0.37032076608852876,2,W60701879
2,400,ATCTATCAGGCCGGTAGCACACCTTGTAATGGTGTTGAAGGTTTTAATTGTTACTTTCCTTTACAATCATATGGTTTCCAACCCACTAATGATGTT,0.26786312194468626,3,W60701879
3,390,CTAAAAGGGTCTGAGGGATCTCTAGAGTCACACAACAGACGGGCACACACATCTACTTTAAGCACTCAAGGCAAGCTTTATTGAGGCTTAAGCAGT,0.26116654389606914,4,W60701879
4,315,ATCTATCAGGCCGGTAGCACACCTTGTAATGGTGTTGAAGGTTTTAATTGTTACTTTCCTTTACAATCATATGCTTTCCAACCCACTAATGGTGTT,0.21094220853144047,5,W60701879
5,285,ATCTATCAGGCCGGTAGCACACCTTGTAATGGTGTTGAAGGTTTTAATTGTTACTTTCCTTTACAATCATATGGTTTACAACCCACTAATGGTGTT,0.19085247438558897,6,W60701879
0,899,ACTAAAAGGGTCTGAGGGATCTCTAGTTACCAGAGTCACACAACAGACGGGCACACACATCTACTTTAAGCACACCAACCATACAGAGTAGTAGTC,0.6020223665706824,1,W60701879
1,553,ATCTATCAGGCCGGTAGCACACCTTGTAATGGTGTTGAAGGTTTTTAATTGTTACTTTCCTTTACAATCATATGGTTTCCAACCCACTAATGGTGT,0.37032076608852876,2,W60701879
2,400,ATCTATCAGGCCGGTAGCACACCTTGTAATGGTGTTGAAGGTTTTAATTGTTACTTTCCTTTACAATCATATGGTTTCCAACCCACTAATGATGTT,0.26786312194468626,3,W60701879
3,390,CTAAAAGGGTCTGAGGGATCTCTAGAGTCACACAACAGACGGGCACACACATCTACTTTAAGCACTCAAGGCAAGCTTTATTGAGGCTTAAGCAGT,0.26116654389606914,4,W60701879
4,315,ATCTATCAGGCCGGTAGCACACCTTGTAATGGTGTTGAAGGTTTTAATTGTTACTTTCCTTTACAATCATATGCTTTCCAACCCACTAATGGTGTT,0.21094220853144047,5,W60701879
5,285,ATCTATCAGGCCGGTAGCACACCTTGTAATGGTGTTGAAGGTTTTAATTGTTACTTTCCTTTACAATCATATGGTTTACAACCCACTAATGGTGTT,0.19085247438558897,6,W60701879
0,899,ACTAAAAGGGTCTGAGGGATCTCTAGTTACCAGAGTCACACAACAGACGGGCACACACATCTACTTTAAGCACACCAACCATACAGAGTAGTAGTC,0.6020223665706824,1,W60701879
1,553,ATCTATCAGGCCGGTAGCACACCTTGTAATGGTGTTGAAGGTTTTTAATTGTTACTTTCCTTTACAATCATATGGTTTCCAACCCACTAATGGTGT,0.37032076608852876,2,W60701879
2,400,ATCTATCAGGCCGGTAGCACACCTTGTAATGGTGTTGAAGGTTTTAATTGTTACTTTCCTTTACAATCATATGGTTTCCAACCCACTAATGATGTT,0.26786312194468626,3,W60701879
3,390,CTAAAAGGGTCTGAGGGATCTCTAGAGTCACACAACAGACGGGCACACACATCTACTTTAAGCACTCAAGGCAAGCTTTATTGAGGCTTAAGCAGT,0.26116654389606914,4,W60701879
4,315,ATCTATCAGGCCGGTAGCACACCTTGTAATGGTGTTGAAGGTTTTAATTGTTACTTTCCTTTACAATCATATGCTTTCCAACCCACTAATGGTGTT,0.21094220853144047,5,W60701879
5,285,ATCTATCAGGCCGGTAGCACACCTTGTAATGGTGTTGAAGGTTTTAATTGTTACTTTCCTTTACAATCATATGGTTTACAACCCACTAATGGTGTT,0.19085247438558897,6,W60701879
0,899,ACTAAAAGGGTCTGAGGGATCTCTAGTTACCAGAGTCACACAACAGACGGGCACACACATCTACTTTAAGCACACCAACCATACAGAGTAGTAGTC,0.6020223665706824,1,W60701879
1,553,ATCTATCAGGCCGGTAGCACACCTTGTAATGGTGTTGAAGGTTTTTAATTGTTACTTTCCTTTACAATCATATGGTTTCCAACCCACTAATGGTGT,0.37032076608852876,2,W60701879
2,400,ATCTATCAGGCCGGTAGCACACCTTGTAATGGTGTTGAAGGTTTTAATTGTTACTTTCCTTTACAATCATATGGTTTCCAACCCACTAATGATGTT,0.26786312194468626,3,W60701879
3,390,CTAAAAGGGTCTGAGGGATCTCTAGAGTCACACAACAGACGGGCACACACATCTACTTTAAGCACTCAAGGCAAGCTTTATTGAGGCTTAAGCAGT,0.26116654389606914,4,W60701879
4,315,ATCTATCAGGCCGGTAGCACACCTTGTAATGGTGTTGAAGGTTTTAATTGTTACTTTCCTTTACAATCATATGCTTTCCAACCCACTAATGGTGTT,0.21094220853144047,5,W60701879
5,285,ATCTATCAGGCCGGTAGCACACCTTGTAATGGTGTTGAAGGTTTTAATTGTTACTTTCCTTTACAATCATATGGTTTACAACCCACTAATGGTGTT,0.19085247438558897,6,W60701879
0,899,ACTAAAAGGGTCTGAGGGATCTCTAGTTACCAGAGTCACACAACAGACGGGCACACACATCTACTTTAAGCACACCAACCATACAGAGTAGTAGTC,0.6020223665706824,1,W60701879
1,553,ATCTATCAGGCCGGTAGCACACCTTGTAATGGTGTTGAAGGTTTTTAATTGTTACTTTCCTTTACAATCATATGGTTTCCAACCCACTAATGGTGT,0.37032076608852876,2,W60701879
2,400,ATCTATCAGGCCGGTAGCACACCTTGTAATGGTGTTGAAGGTTTTAATTGTTACTTTCCTTTACAATCATATGGTTTCCAACCCACTAATGATGTT,0.26786312194468626,3,W60701879
3,390,CTAAAAGGGTCTGAGGGATCTCTAGAGTCACACAACAGACGGGCACACACATCTACTTTAAGCACTCAAGGCAAGCTTTATTGAGGCTTAAGCAGT,0.26116654389606914,4,W60701879
4,315,ATCTATCAGGCCGGTAGCACACCTTGTAATGGTGTTGAAGGTTTTAATTGTTACTTTCCTTTACAATCATATGCTTTCCAACCCACTAATGGTGTT,0.21094220853144047,5,W60701879
5,285,ATCTATCAGGCCGGTAGCACACCTTGTAATGGTGTTGAAGGTTTTAATTGTTACTTTCCTTTACAATCATATGGTTTACAACCCACTAATGGTGTT,0.19085247438558897,6,W60701879
0,899,ACTAAAAGGGTCTGAGGGATCTCTAGTTACCAGAGTCACACAACAGACGGGCACACACATCTACTTTAAGCACACCAACCATACAGAGTAGTAGTC,0.6020223665706824,1,W60701879
1,553,ATCTATCAGGCCGGTAGCACACCTTGTAATGGTGTTGAAGGTTTTTAATTGTTACTTTCCTTTACAATCATATGGTTTCCAACCCACTAATGGTGT,0.37032076608852876,2,W60701879
2,400,ATCTATCAGGCCGGTAGCACACCTTGTAATGGTGTTGAAGGTTTTAATTGTTACTTTCCTTTACAATCATATGGTTTCCAACCCACTAATGATGTT,0.26786312194468626,3,W60701879
3,390,CTAAAAGGGTCTGAGGGATCTCTAGAGTCACACAACAGACGGGCACACACATCTACTTTAAGCACTCAAGGCAAGCTTTATTGAGGCTTAAGCAGT,0.26116654389606914,4,W60701879
4,315,ATCTATCAGGCCGGTAGCACACCTTGTAATGGTGTTGAAGGTTTTAATTGTTACTTTCCTTTACAATCATATGCTTTCCAACCCACTAATGGTGTT,0.21094220853144047,5,W60701879
5,285,ATCTATCAGGCCGGTAGCACACCTTGTAATGGTGTTGAAGGTTTTAATTGTTACTTTCCTTTACAATCATATGGTTTACAACCCACTAATGGTGTT,0.19085247438558897,6,W60701879
0,417,ATCTATCAGGCCGGTAGCACACCTTGTAATGGTGTTGAAGGTTTTAATTGTTACTTTCCTTTACAATCATATGCTTTCCAACCCACTAATGGTGTT,0.20863143780581764,1,W60701895
1,375,ATCTATCAGGCCGGTAGCACACCTTGTAATGGTGTTGAAGGTTTTAATTGTTACTTTCCTTTACAATCATATGGTTTACAACCCACTAATGGTGTT,0.18761819946566338,2,W60701895
0,417,ATCTATCAGGCCGGTAGCACACCTTGTAATGGTGTTGAAGGTTTTAATTGTTACTTTCCTTTACAATCATATGCTTTCCAACCCACTAATGGTGTT,0.20863143780581764,1,W60701895
1,375,ATCTATCAGGCCGGTAGCACACCTTGTAATGGTGTTGAAGGTTTTAATTGTTACTTTCCTTTACAATCATATGGTTTACAACCCACTAATGGTGTT,0.18761819946566338,2,W60701895
0,114,ATCTATCAGGCCGGTAGCACACCTTGTAATGGTGTTGAAGGTTTTAATTGTTACTTTCCTTTACAATCATATGGTTTACAACCCACTAATGGTGTT,0.226239853936375,1,W60702245
1,101,ATCTATCAGGCCGGTAGCACACCTTGTAATGGTGTTGAAGGTTTTAATTGTTACTTTCCTTTACAATCATATTGTTTCCAACCCACTAATGGTGTT,0.20044057234713925,2,W60702245
2,96,ATCTATCAGGCCGGTAGCACACCTTGTAATGGTGTTGAAGGTTTTAATTGTTACTTTCCTTTACAATCATATGCTTTCCAACCCACTAATGGTGTT,0.19051777173589474,3,W60702245
0,114,ATCTATCAGGCCGGTAGCACACCTTGTAATGGTGTTGAAGGTTTTAATTGTTACTTTCCTTTACAATCATATGGTTTACAACCCACTAATGGTGTT,0.226239853936375,1,W60702245
1,101,ATCTATCAGGCCGGTAGCACACCTTGTAATGGTGTTGAAGGTTTTAATTGTTACTTTCCTTTACAATCATATTGTTTCCAACCCACTAATGGTGTT,0.20044057234713925,2,W60702245
2,96,ATCTATCAGGCCGGTAGCACACCTTGTAATGGTGTTGAAGGTTTTAATTGTTACTTTCCTTTACAATCATATGCTTTCCAACCCACTAATGGTGTT,0.19051777173589474,3,W60702245
0,114,ATCTATCAGGCCGGTAGCACACCTTGTAATGGTGTTGAAGGTTTTAATTGTTACTTTCCTTTACAATCATATGGTTTACAACCCACTAATGGTGTT,0.226239853936375,1,W60702245
1,101,ATCTATCAGGCCGGTAGCACACCTTGTAATGGTGTTGAAGGTTTTAATTGTTACTTTCCTTTACAATCATATTGTTTCCAACCCACTAATGGTGTT,0.20044057234713925,2,W60702245
2,96,ATCTATCAGGCCGGTAGCACACCTTGTAATGGTGTTGAAGGTTTTAATTGTTACTTTCCTTTACAATCATATGCTTTCCAACCCACTAATGGTGTT,0.19051777173589474,3,W60702245
0,545,ATCTATCAGGCCGGTAGCACACCTTGTAATGGTGTTGAAGGTTTTAATTGTTACTTTCCTTTACAATCATATGGTTTACAACCCACTAATGGTGTT,0.25325514177641056,1,W60702256
1,426,ATCTATCAGGCCGGTAGCACACCTTGTAATGGTGTTGAAGGTTTTAATTGTTACTTTCCTTTACAATCATATTGTTTCCAACCCACTAATGGTGTT,0.19795723008578145,2,W60702256
0,545,ATCTATCAGGCCGGTAGCACACCTTGTAATGGTGTTGAAGGTTTTAATTGTTACTTTCCTTTACAATCATATGGTTTACAACCCACTAATGGTGTT,0.25325514177641056,1,W60702256
1,426,ATCTATCAGGCCGGTAGCACACCTTGTAATGGTGTTGAAGGTTTTAATTGTTACTTTCCTTTACAATCATATTGTTTCCAACCCACTAATGGTGTT,0.19795723008578145,2,W60702256
0,420,ATCTATCAGGCCGGTAGCACACCTTGTAATGGTGTTGAAGGTTTTAATTGTTACTTTCCTTTACAATCATATTGTTTCCAACCCACTAATGGTGTT,0.29925187032418954,1,W60702276
1,414,ATCTATCAGGCCGGTAGCACACCTTGTAATGGTGTTGAAGGTTTTAATTGTTACTTTCCTTTACAATCATATGCTTTCCAACCCACTAATGGTGTT,0.29497684360527254,2,W60702276
2,267,ATCTATCAGGCCGGTAGCACACCTTGTAATGGTGTTGAAGGTTTTAATTGTTACTTTCCTTTACAATCATATGGTTTACAACCCACTAATGGTGTT,0.1902386889918062,3,W60702276
0,420,ATCTATCAGGCCGGTAGCACACCTTGTAATGGTGTTGAAGGTTTTAATTGTTACTTTCCTTTACAATCATATTGTTTCCAACCCACTAATGGTGTT,0.29925187032418954,1,W60702276
1,414,ATCTATCAGGCCGGTAGCACACCTTGTAATGGTGTTGAAGGTTTTAATTGTTACTTTCCTTTACAATCATATGCTTTCCAACCCACTAATGGTGTT,0.29497684360527254,2,W60702276
2,267,ATCTATCAGGCCGGTAGCACACCTTGTAATGGTGTTGAAGGTTTTAATTGTTACTTTCCTTTACAATCATATGGTTTACAACCCACTAATGGTGTT,0.1902386889918062,3,W60702276
0,420,ATCTATCAGGCCGGTAGCACACCTTGTAATGGTGTTGAAGGTTTTAATTGTTACTTTCCTTTACAATCATATTGTTTCCAACCCACTAATGGTGTT,0.29925187032418954,1,W60702276
1,414,ATCTATCAGGCCGGTAGCACACCTTGTAATGGTGTTGAAGGTTTTAATTGTTACTTTCCTTTACAATCATATGCTTTCCAACCCACTAATGGTGTT,0.29497684360527254,2,W60702276
2,267,ATCTATCAGGCCGGTAGCACACCTTGTAATGGTGTTGAAGGTTTTAATTGTTACTTTCCTTTACAATCATATGGTTTACAACCCACTAATGGTGTT,0.1902386889918062,3,W60702276
